-2.236065045030801,0.8951502939653565,"class1"
-2.2360612481664313,0.8933273311230162,"class1"
-2.2360482533517194,0.8925409117887004,"class1"
-2.236015322845699,0.8913370836890152,"class1"
-2.2360012755261574,0.8909462615489028,"class1"
-2.2359231486525863,0.8892793741204617,"class1"
-2.2358240284315274,0.9009354084879236,"class1"
-2.2358204565831894,0.8876742036007339,"class1"
-2.2356742382277766,0.9026618357204628,"class1"
-2.235578056889835,0.9035923157533803,"class1"
-2.2355666239411383,0.9036963273332141,"class1"
-2.235397974687692,0.9051061433547698,"class1"
-2.235255004024257,0.9061603049472708,"class1"
-2.2347973731426602,0.9089930342968455,"class1"
-2.2345336013888013,0.8772489191143273,"class1"
-2.234383650586744,0.8763986891435436,"class1"
-2.234181220707205,0.8753048286178474,"class1"
-2.233894828173829,0.913269751741747,"class1"
-2.233831374180445,0.913529941229182,"class1"
-2.233769720085833,0.8732368864530972,"class1"
-2.23303011128458,0.8699083777668359,"class1"
-2.2324408494076127,0.9184383537416894,"class1"
-2.2319460375294375,0.9199201802871898,"class1"
-2.2315277663628055,0.921095367428514,"class1"
-2.2313412327864164,0.8634735938323573,"class1"
-2.231325066067885,0.9216425320130011,"class1"
-2.230670012761251,0.8612123813511647,"class1"
-2.230598455795989,0.8609788455344245,"class1"
-2.2305890845354384,0.8609483610334708,"class1"
-2.2301222462728814,0.8594576317778355,"class1"
-2.2297258811426994,0.8582317755635674,"class1"
-2.2295557909819186,0.8577160267094908,"class1"
-2.229141722434471,0.9268289401396603,"class1"
-2.228344380057763,0.928476047010886,"class1"
-2.2275495397694325,0.8520208170113962,"class1"
-2.22710789808088,0.9308383640978186,"class1"
-2.226630337810625,0.8496071165513008,"class1"
-2.226505949135338,0.9319164249486588,"class1"
-2.225503830623555,0.9336216657728845,"class1"
-2.225185161864811,0.9341426455792922,"class1"
-2.22465756204797,0.8447415303302942,"class1"
-2.2245979238450326,0.935078124974394,"class1"
-2.2235137916768384,0.9367284152391404,"class1"
-2.2232057347990914,0.8413839596035322,"class1"
-2.2214646387639827,0.8375584672827157,"class1"
-2.221088645370423,0.8367575211124942,"class1"
-2.220910483430657,0.9403475078444308,"class1"
-2.2188280446755044,0.9429576044244344,"class1"
-2.217636784682795,0.9443564036289195,"class1"
-2.2172982596192554,0.8290959771051415,"class1"
-2.2170112508292674,0.9450663621956903,"class1"
-2.215617781524435,0.9465920697123331,"class1"
-2.214434245612418,0.8237153476839153,"class1"
-2.2110131999233693,0.8176458222829277,"class1"
-2.2093069370357155,0.9527047602788599,"class1"
-2.209200198944267,0.814561491344262,"class1"
-2.207845484959851,0.9539670905000945,"class1"
-2.2072940713464066,0.9544306714325704,"class1"
-2.207279909367799,0.954442489175438,"class1"
-2.20616024255733,0.8095649930066598,"class1"
-2.2059838797789553,0.955505827804318,"class1"
-2.201371908377851,0.8020728508671539,"class1"
-2.199013350879995,0.9606831505472755,"class1"
-2.194435161471621,0.7918777731443677,"class1"
-2.194332275884121,0.7917315468730118,"class1"
-2.191749638175301,0.9652963616478408,"class1"
-2.1907196953271475,0.9658975241530883,"class1"
-2.1900370713030117,0.7857402193958193,"class1"
-2.1868642163512217,0.7814451186445631,"class1"
-2.1831160731399617,0.7764984657222846,"class1"
-2.180908300753904,0.7736437206867499,"class1"
-2.1762690797211537,0.9732408577989998,"class1"
-2.1750258204581194,0.7662292739699698,"class1"
-2.1748391881170743,0.9738730613656397,"class1"
-2.1719537960349795,0.7624581046446355,"class1"
-2.171227497650232,0.7615758638457537,"class1"
-2.170139437908125,0.7602606324088926,"class1"
-2.1667998558683137,0.9771696385187598,"class1"
-2.165652438834055,0.9776071948986472,"class1"
-2.1643269886598233,0.7533584347770236,"class1"
-2.163507054920002,0.7524006585707665,"class1"
-2.1633843157286616,0.752257607443958,"class1"
-2.1633634295355915,0.7522332731248382,"class1"
-2.162993489055718,0.7518026574193931,"class1"
-2.1622950403231154,0.7509916963266552,"class1"
-2.1597011486185105,0.9797581447290643,"class1"
-2.1592344507381354,0.7474687250368318,"class1"
-2.159213464811201,0.7474447366871317,"class1"
-2.158042712279265,0.7461100139077134,"class1"
-2.154927169450659,0.7425909876725386,"class1"
-2.154898670655445,0.9813599237399351,"class1"
-2.1540258914631205,0.9816390962947874,"class1"
-2.150182435327709,0.7373186675169033,"class1"
-2.1466770749374886,0.7334865600465691,"class1"
-2.1455142709337607,0.9841848357271377,"class1"
-2.145049331628429,0.9843151585195209,"class1"
-2.1443927279577992,0.7310164381499735,"class1"
-2.1428657428594704,0.9849158409450134,"class1"
-2.139160889608172,0.7254352211044133,"class1"
-2.13747456680814,0.986321845096287,"class1"
-2.1363776845223814,0.7225070827946264,"class1"
-2.135460188828614,0.7215477634705233,"class1"
-2.135421052988538,0.9868299342959863,"class1"
-2.135273818118063,0.7213532510627056,"class1"
-2.1349439293510732,0.7210092418980193,"class1"
-2.1342250995712453,0.9871191557455435,"class1"
-2.133840122972084,0.9872112270782955,"class1"
-2.131741234579634,0.7176884483244986,"class1"
-2.1315506133115574,0.9877486261912823,"class1"
-2.1307137591553853,0.9879407839200086,"class1"
-2.1277891365455086,0.7136364357669288,"class1"
-2.1254012318467552,0.9891093471656884,"class1"
-2.122373763934279,0.9897372331870858,"class1"
-2.118548323112945,0.7043455017804274,"class1"
-2.1174716443398904,0.7032786949057446,"class1"
-2.1124804881559514,0.6983734806096604,"class1"
-2.11190827083648,0.9917113883591322,"class1"
-2.111477157439546,0.6973951818420275,"class1"
-2.1105484330315822,0.9919468671774236,"class1"
-2.100534015877549,0.6868830029945682,"class1"
-2.0978111156448676,0.9939389834405821,"class1"
-2.0943327939396785,0.9944200855379605,"class1"
-2.094105414318665,0.6808336820639532,"class1"
-2.089304971196047,0.6763727195958179,"class1"
-2.0870805487916546,0.9953432512690651,"class1"
-2.0856981613456806,0.673051080927683,"class1"
-2.080537766175993,0.9960885458698813,"class1"
-2.076160774898323,0.9965433798957419,"class1"
-2.075558331722875,0.6638433324949251,"class1"
-2.069513697473434,0.6584404228567892,"class1"
-2.0644115924219215,0.6539269487773844,"class1"
-2.06415282085179,0.9976231162531146,"class1"
-2.05595415594888,0.9982284716922635,"class1"
-2.052590150292629,0.9984478607303909,"class1"
-2.052588481286419,0.9984479655177584,"class1"
-2.0513171340391576,0.6425270765823895,"class1"
-2.037074997827638,0.9992561852571613,"class1"
-2.0364855632104475,0.6299078369567849,"class1"
-2.0362921759727373,0.6297452087012471,"class1"
-2.029443543880963,0.9995388515264447,"class1"
-2.029395378358455,0.9995404080448437,"class1"
-2.0288637672099465,0.6235336121429635,"class1"
-2.0262456355319767,0.6213603548390673,"class1"
-2.020369494349528,0.6165119862324803,"class1"
-2.01800432129744,0.6145716624104002,"class1"
-2.0178564728583055,0.6144505804928503,"class1"
-2.011559428875139,0.9999315966983099,"class1"
-2.0065959395539656,0.999977954757545,"class1"
-2.00363576464496,0.6029152696322979,"class1"
-2.0015108207466517,0.9999988552480296,"class1"
-1.9991354720357946,0.599308750688243,"class1"
-1.9889123937520408,0.591190057869817,"class1"
-1.9846338875036795,0.9998854294842355,"class1"
-1.9833955641204102,0.9998665340744819,"class1"
-1.9817201525794665,0.999838753703611,"class1"
-1.9747882385412459,0.5801333693199765,"class1"
-1.9744096887774376,0.5798394718927408,"class1"
-1.9732664254608634,0.9996605208626159,"class1"
-1.9720915165209687,0.9996308238408368,"class1"
-1.9702758851990014,0.9995826157314108,"class1"
-1.9654316201690123,0.9994404183883743,"class1"
-1.9547995573060424,0.9990611309000655,"class1"
-1.9417968159630976,0.5549598370016948,"class1"
-1.9401430392515615,0.553720085446255,"class1"
-1.934366190767919,0.9980879517426305,"class1"
-1.9319147341030953,0.9979507474973859,"class1"
-1.9220384607255094,0.5402749585015119,"class1"
-1.9207503668217165,0.9972733354084306,"class1"
-1.9143974333053502,0.5346674358436865,"class1"
-1.9083629977010248,0.530265756056744,"class1"
-1.90529499868139,0.5280367342675266,"class1"
-1.9020190462914681,0.525663105712695,"class1"
-1.8997501351891084,0.5240230162912108,"class1"
-1.8960229465828604,0.5213356047341331,"class1"
-1.8844614180366022,0.5130519218229966,"class1"
-1.8826181457768947,0.9943560991924435,"class1"
-1.8767759255598242,0.9938327365532384,"class1"
-1.8749575769492333,0.9936659464418841,"class1"
-1.8691313979037627,0.9931192833723705,"class1"
-1.865200772550406,0.9927400810201681,"class1"
-1.8621532501510338,0.4972821997347244,"class1"
-1.8611891850905031,0.49660677180745055,"class1"
-1.8584187146328812,0.4946684805393177,"class1"
-1.8459549226437073,0.9907666297298354,"class1"
-1.8423412650878743,0.9903751505197199,"class1"
-1.8338941133050457,0.4776801448507888,"class1"
-1.8332568488393712,0.9893628360899394,"class1"
-1.8284679198708533,0.4739610569181544,"class1"
-1.8210515239298526,0.9879410401505575,"class1"
-1.8194684136031247,0.4678231608360368,"class1"
-1.8099353549994053,0.4613615748425008,"class1"
-1.8089526264070797,0.46069777643418536,"class1"
-1.8070612794140395,0.45942143414938924,"class1"
-1.804442903159476,0.4576570515229832,"class1"
-1.802211093605083,0.9856133685460415,"class1"
-1.7959043357044555,0.45192392788051794,"class1"
-1.7900151070775219,0.4479876914866092,"class1"
-1.7831539934158407,0.9831031683493957,"class1"
-1.7735568869299483,0.43706299498185547,"class1"
-1.773065575391287,0.4367385449035946,"class1"
-1.771059865159977,0.9814328802782046,"class1"
-1.763290272545555,0.43030284281121,"class1"
-1.7617402701537903,0.4292857799677099,"class1"
-1.7605006947915283,0.4284730718858284,"class1"
-1.7594566988531168,0.42778904737840917,"class1"
-1.7556192859689181,0.42527833537725224,"class1"
-1.7514231965844278,0.42253929561280384,"class1"
-1.7513400819580223,0.9785869574230863,"class1"
-1.7470890674530903,0.9779542247411053,"class1"
-1.742356780662313,0.41664338305559145,"class1"
-1.7404418742783974,0.41540195865929186,"class1"
-1.7318647155728195,0.975634175626471,"class1"
-1.7312851983740076,0.4094839352383388,"class1"
-1.731238648986236,0.9755369929606286,"class1"
-1.7298677280412416,0.9753237058819579,"class1"
-1.723952650884681,0.9743958954666299,"class1"
-1.7232018891803147,0.40428424698295656,"class1"
-1.7217252881772667,0.9740433722735844,"class1"
-1.7213995772153212,0.40312798293899327,"class1"
-1.7145587843924877,0.9728975930370691,"class1"
-1.702397272517565,0.9709136314396676,"class1"
-1.70089131937471,0.9706645517296396,"class1"
-1.6920298537370893,0.38443991998371746,"class1"
-1.6739293557741268,0.9660821476500109,"class1"
-1.6733992578003272,0.3727296355953895,"class1"
-1.6591397017768967,0.9634728548791783,"class1"
-1.6572107054557932,0.963127695280604,"class1"
-1.6555288957025027,0.36159724887480865,"class1"
-1.6534226576194162,0.3602914308483122,"class1"
-1.6452845313357862,0.355258149820395,"class1"
-1.6393697077170843,0.9598838369903209,"class1"
-1.6387414835857825,0.3512252441439094,"class1"
-1.6351774937788808,0.9591083436735603,"class1"
-1.6334047597375654,0.3479448846661255,"class1"
-1.6279068573345636,0.9577516705775422,"class1"
-1.6205842829461066,0.9563704738460432,"class1"
-1.6089204956484169,0.9541402407024979,"class1"
-1.6053396413472878,0.9534482164553797,"class1"
-1.6040133877769418,0.9531910448869497,"class1"
-1.6011479288591848,0.9526338220142041,"class1"
-1.6004529854776814,0.3278640322370374,"class1"
-1.5991057751921427,0.3270492378729366,"class1"
-1.595934805447326,0.3251333056068258,"class1"
-1.5945543173816885,0.9513434345851401,"class1"
-1.5913710672850492,0.322380438334149,"class1"
-1.5894622810692556,0.32123064639030646,"class1"
-1.5784661011112195,0.9481478501927553,"class1"
-1.5714820622525478,0.9467402201767612,"class1"
-1.56909530742679,0.9462563846075046,"class1"
-1.56824053539379,0.308509663428173,"class1"
-1.5655077463790885,0.9455264767140912,"class1"
-1.5497938281253347,0.9422924118041014,"class1"
-1.5436492834437683,0.29390774600759373,"class1"
-1.5388839907758831,0.9400122878526629,"class1"
-1.5291224793498115,0.28534947024796237,"class1"
-1.5124339428402618,0.9343696043461888,"class1"
-1.5116345473818646,0.9341965928174827,"class1"
-1.5013325164403781,0.269111783654094,"class1"
-1.4901159473814245,0.2626064615245834,"class1"
-1.4868835272844334,0.9287700198595084,"class1"
-1.4808931669195737,0.25727784763434025,"class1"
-1.4749391747674774,0.9261038853686646,"class1"
-1.4740315374703925,0.9259000531444265,"class1"
-1.4701420558811704,0.25108902949804807,"class1"
-1.459735772327476,0.9226668860376687,"class1"
-1.455364244693814,0.24262162419397632,"class1"
-1.4536368777103563,0.9212746932747378,"class1"
-1.4493765880917813,0.9202976954731167,"class1"
-1.4367582501996892,0.9173824929400859,"class1"
-1.4323840818224847,0.9163645144518395,"class1"
-1.422674582419087,0.9140913993972525,"class1"
-1.3992003690532828,0.2108398788884068,"class1"
-1.389205564131901,0.9061166931690118,"class1"
-1.3634014643738306,0.8998256162923656,"class1"
-1.3558796926139645,0.18673465253827595,"class1"
-1.351019884947275,0.18405165640710897,"class1"
-1.3505602297029977,0.1837981070852201,"class1"
-1.349230882799742,0.8963196669868763,"class1"
-1.3479882150410538,0.8960105195539169,"class1"
-1.3423005683343274,0.8945920984250619,"class1"
-1.3340951569341677,0.8925358260570176,"class1"
-1.3337375528053597,0.1745440974438912,"class1"
-1.3280906506626418,0.8910237099418058,"class1"
-1.3274480345934356,0.8908615121213562,"class1"
-1.32632729961113,0.17048337330059635,"class1"
-1.32242658541446,0.8895916499809498,"class1"
-1.319476511881839,0.888843605548582,"class1"
-1.3191830192433194,0.16657731119668454,"class1"
-1.3187211323722519,0.16632507855803896,"class1"
-1.3128827046639886,0.1631398774769064,"class1"
-1.3121477806835609,0.1627393419406128,"class1"
-1.3062475239707583,0.15952697727064585,"class1"
-1.3024797722442383,0.8845051242225084,"class1"
-1.2914622375282732,0.8816670933742788,"class1"
-1.2913583178927328,0.1514464252360141,"class1"
-1.2906829303241434,0.15108075307526994,"class1"
-1.2885159846917928,0.14990801865768877,"class1"
-1.2841534666730396,0.8797733845076705,"class1"
-1.2753882395095961,0.14281976316259698,"class1"
-1.2673842297470599,0.1385117174068586,"class1"
-1.2645508092741387,0.874651518201885,"class1"
-1.2542698627822682,0.8719406887386515,"class1"
-1.2539475994753069,0.8718554456152908,"class1"
-1.2519966242134868,0.8713390363078536,"class1"
-1.2518464882573186,0.1301779190385498,"class1"
-1.2379778619891544,0.8676108442329908,"class1"
-1.227676527810199,0.11728937333577685,"class1"
-1.2144733083261945,0.11028674899239263,"class1"
-1.211737352515053,0.10883897984431173,"class1"
-1.2039044433090056,0.8584232421289513,"class1"
-1.1972848264324785,0.10120986417208278,"class1"
-1.1941674164314997,0.0995683454942724,"class1"
-1.1928523797379011,0.8554055788511382,"class1"
-1.1853462599468951,0.8533457952604477,"class1"
-1.1686247757919341,0.8487275589354805,"class1"
-1.163681771663871,0.8473546136726976,"class1"
-1.159985862969109,0.08166292886343882,"class1"
-1.1593349831796658,0.08132361701223574,"class1"
-1.1590211615378545,0.8460568897449855,"class1"
-1.1581825380031612,0.8458230489832289,"class1"
-1.1564994819586265,0.8453534445350402,"class1"
-1.1493218659983941,0.0761112677392752,"class1"
-1.1485152603901123,0.07569200763880553,"class1"
-1.1319705296972886,0.06711255955448682,"class1"
-1.1245048684305132,0.8363502005503085,"class1"
-1.1200629400898137,0.835088943921134,"class1"
-1.1180269214266463,0.4464157096984864,"class2"
-1.117745346122946,0.4521788518656005,"class2"
-1.1176127012355739,0.45318299556996533,"class2"
-1.1173355752298928,0.45483666598397154,"class2"
-1.1172710022619576,0.43864884279418076,"class2"
-1.1167891112572454,0.4361665573817256,"class2"
-1.1163073324115682,0.458945395851137,"class2"
-1.1162323622889154,0.4591820164007577,"class2"
-1.1161376455064667,0.4594731322280038,"class2"
-1.1157220178011071,0.4319160843528864,"class2"
-1.1157200903879692,0.4319093298091187,"class2"
-1.1154933584693225,0.8337886006271478,"class1"
-1.115394998320932,0.4615124745335344,"class2"
-1.115266223601386,0.461830675262279,"class2"
-1.1152189197481683,0.43022974833196426,"class2"
-1.114402180096301,0.4637695155150414,"class2"
-1.1141316432908135,0.426986451040693,"class2"
-1.1134092237001176,0.46568107177157386,"class2"
-1.1132895515858678,0.4658938422396785,"class2"
-1.1126778323410589,0.46693255230187397,"class2"
-1.111979849304593,0.056797052397762414,"class1"
-1.1116835602245834,0.46847229963166986,"class2"
-1.1116544642117576,0.46851496341687954,"class2"
-1.1088824189725557,0.41500141359028253,"class2"
-1.1087743109044597,0.4147907219568667,"class2"
-1.1085739006926745,0.05504501338041337,"class1"
-1.1080561831514124,0.4730295160390253,"class2"
-1.1079454107130917,0.05472188788441441,"class1"
-1.107449434341918,0.47367553916183275,"class2"
-1.1073415029451614,0.412085477467476,"class2"
-1.106499561574976,0.4746365037552595,"class2"
-1.1063374681545803,0.47479481153743097,"class2"
-1.1060691939746345,0.40980195881444453,"class2"
-1.1059563786871043,0.47516089093327446,"class2"
-1.1050133476796753,0.40797858404012666,"class2"
-1.1023462443261212,0.4782655697399675,"class2"
-1.1019240333811646,0.4029471731049166,"class2"
-1.099843994527549,0.4801088251767273,"class2"
-1.0991679888703567,0.8291196179179462,"class1"
-1.094780867443495,0.4832796710244118,"class2"
-1.093137351003225,0.48418072514343446,"class2"
-1.0921628172516282,0.484689965891697,"class2"
-1.0918201525939706,0.38859127494226225,"class2"
-1.0904024703003476,0.485566434282642,"class2"
-1.0886275600594806,0.4863980692684154,"class2"
-1.0875884487347922,0.04428474974759646,"class1"
-1.087401592759107,0.3829768796153822,"class2"
-1.0870300227308765,0.38251832699529015,"class2"
-1.0863386572083236,0.825425131299102,"class1"
-1.086184049897155,0.381481465917338,"class2"
-1.0860376800814613,0.48752708854232635,"class2"
-1.0853562808869008,0.825141322764171,"class1"
-1.0852061816686083,0.4878700337827194,"class2"
-1.085022693084854,0.4879445036217586,"class2"
-1.0847202310993243,0.4880663243207457,"class2"
-1.0828141662741635,0.4888081525590465,"class2"
-1.0821562100362714,0.04150904084171959,"class1"
-1.0818741985176177,0.4891582669028752,"class2"
-1.080422466984566,0.04062398080677591,"class1"
-1.0803139322464452,0.4897178667560805,"class2"
-1.0800812745716981,0.4897990885120583,"class2"
-1.0800698015964727,0.4898030792032718,"class2"
-1.075905142463051,0.4911660451509852,"class2"
-1.0756999410731347,0.49122901638075905,"class2"
-1.0754468375998882,0.4913061755217551,"class2"
-1.0751946488436164,0.3687732211817553,"class2"
-1.075103534437508,0.8221716161435522,"class1"
-1.0750480135671623,0.4914266214367569,"class2"
-1.074731796047583,0.4915211425638502,"class2"
-1.0732276364832678,0.4919592092776565,"class2"
-1.0730947760712457,0.49199700588679907,"class2"
-1.0692177202779494,0.3623346691372428,"class2"
-1.0684035541996817,0.49324430120816526,"class2"
-1.0677135659293835,0.4934142258876077,"class2"
-1.0660089175501062,0.49382017853490595,"class2"
-1.0654617712089565,0.35842300422748424,"class2"
-1.0650243808749411,0.35797356546624565,"class2"
-1.0649762154847981,0.49405682455633637,"class2"
-1.0641540386397856,0.35708284846593885,"class2"
-1.0611599558271894,0.49487408051255355,"class2"
-1.060951188282454,0.49491630339546716,"class2"
-1.0577679146139447,0.49553010111149126,"class2"
-1.0562436864791553,0.4958048479651296,"class2"
-1.0549254226902327,0.49603294044250457,"class2"
-1.0540134514422568,0.3470250496098758,"class2"
-1.05212471927669,0.026234450856670238,"class1"
-1.0517016540411461,0.8153412059269897,"class1"
-1.0504080277304728,0.3435752289332686,"class2"
-1.0500730032435683,0.49680072931635716,"class2"
-1.0488937931209674,0.4969711622348644,"class2"
-1.0484939209392725,0.814399365726222,"class1"
-1.0476100685116296,0.023948436725481716,"class1"
-1.047092828318579,0.4972199378308477,"class2"
-1.0458704756712616,0.49738108167940237,"class2"
-1.0454948112066462,0.49742938281581783,"class2"
-1.0440315152636614,0.02213829871565388,"class1"
-1.0429213024351274,0.33659181046114467,"class2"
-1.0428185968990877,0.49775730269637203,"class2"
-1.0428131151904854,0.02152237415604664,"class1"
-1.0427270734685372,0.33641363304154764,"class2"
-1.0393950497318574,0.49813712661111176,"class2"
-1.0390757564225055,0.33309023413796734,"class2"
-1.0389554739488163,0.33298157864914885,"class2"
-1.0360758422430794,0.4984652936998133,"class2"
-1.0357320588694658,0.017946555633982595,"class1"
-1.0339730488297276,0.8101191545579245,"class1"
-1.032632340623436,0.3273393552721303,"class2"
-1.0324447341153866,0.327173961102848,"class2"
-1.030692147400488,0.3256342141974754,"class2"
-1.0292610592910347,0.8087244066808533,"class1"
-1.0262255180255608,0.49922829061372576,"class2"
-1.0249843759623762,0.8074560519448855,"class1"
-1.0227911935771614,0.3188063064995667,"class2"
-1.022585667962847,0.318631047844901,"class2"
-1.022011907385217,0.3181423868187063,"class2"
-1.0195145828075767,0.4995860086388124,"class2"
-1.0187772392328325,0.49961799353496666,"class2"
-1.0186070033382655,0.499625179857503,"class2"
-1.0179553429631356,0.49965200681483796,"class2"
-1.0169643033499907,0.4996907493442691,"class2"
-1.0159889089946166,0.3130646390765652,"class2"
-1.010788152287029,0.4998782895809592,"class2"
-1.0104932975468819,0.4998849975594779,"class2"
-1.0103857242309013,0.4998873954124607,"class2"
-1.0072748314474569,0.49994547533162514,"class2"
-1.0053582592797536,0.4999706558171249,"class2"
-1.002413606818355,0.800723717731896,"class1"
-1.0020133831003168,0.49999591329255466,"class2"
-1.0006089641682185,0.3004875430781379,"class2"
-0.9995076852625374,0.4999997581022661,"class2"
-0.9957894405304131,0.49998256334112434,"class2"
-0.9955336691990239,-0.002231920032179651,"class1"
-0.9951012069893592,0.49997646032052556,"class2"
-0.9941960886197013,0.49996707359959064,"class2"
-0.9940450658688502,0.4999653579242438,"class2"
-0.9926647127143607,0.4999477140219982,"class2"
-0.9912467533954735,0.4999259461021026,"class2"
-0.9903528490231726,-0.0048177727212432055,"class1"
-0.9872188868636403,0.4998444734158735,"class2"
-0.9859357333317817,0.49981256527217915,"class2"
-0.9856599752807846,0.49980533994819254,"class2"
-0.9855850244665756,0.2886646658373152,"class2"
-0.98497159295595,-0.007500140298127744,"class1"
-0.9832986622003353,0.28690071823932267,"class2"
-0.9822668837548096,0.49970596119160954,"class2"
-0.9818607779675432,0.499692787134825,"class2"
-0.9773099186989185,0.7931609783481702,"class1"
-0.9767018927494645,0.4995023381762641,"class2"
-0.9748215761769583,0.49942253799442055,"class2"
-0.9740621649213136,0.4993887760426119,"class2"
-0.9735258387559997,0.7920142322184862,"class1"
-0.9720999664515393,0.4992975178267768,"class2"
-0.9700797748065714,0.4991975935684789,"class2"
-0.969828881449224,0.49918476659293903,"class2"
-0.9649438145792167,-0.01745194432166285,"class1"
-0.9632260184039177,0.49881496637321626,"class2"
-0.9624058763385027,0.4987647985212188,"class2"
-0.9612627306702176,0.4986933513185581,"class2"
-0.9596394745684109,0.49858888511378363,"class2"
-0.9591924085732373,0.4985594988009469,"class2"
-0.9583416380358836,0.7873951314183157,"class1"
-0.9568389095862387,0.4984004765957677,"class2"
-0.9542730205701613,0.7861526778112389,"class1"
-0.9527772386160253,0.785695400022412,"class1"
-0.950916444634766,0.4979689443816555,"class2"
-0.9501022901820881,0.49790620157976495,"class2"
-0.9431994466376963,0.4973422297149071,"class2"
-0.9428442119518345,0.49731169062042013,"class2"
-0.9421478649614163,0.49725140496306475,"class2"
-0.9419437104847029,0.49723362497189383,"class2"
-0.9416777850740771,0.49721039378490073,"class2"
-0.9408946903629599,0.7820531894849755,"class1"
-0.9398579859255156,0.4970492580155966,"class2"
-0.9391540430730544,0.4969859236776059,"class2"
-0.9387017606092184,0.49694493842464343,"class2"
-0.9372937821108582,0.2530191345095478,"class2"
-0.9352188677884573,0.4966217332566351,"class2"
-0.9333951310789896,0.49644721186946605,"class2"
-0.9330814907548896,0.4964168374386585,"class2"
-0.9321894533071391,0.4963298737042647,"class2"
-0.9315703129713389,-0.03392700032290027,"class1"
-0.923111861243372,0.49539774551306737,"class2"
-0.9230356453718913,0.4953895643497555,"class2"
-0.9216524492443438,0.49524008742123227,"class2"
-0.9215524560453577,0.49522920817883676,"class2"
-0.9204552432327879,0.49510918584481395,"class2"
-0.9200152087190931,0.49506071988089345,"class2"
-0.9180586006668121,0.49484293810960067,"class2"
-0.9175814838611516,-0.04079306628950163,"class1"
-0.9120850245206222,0.49415545552321394,"class2"
-0.9097358873561082,0.4938759867611575,"class2"
-0.9095127854688928,0.49384918257494886,"class2"
-0.9092467659982266,0.4938171629720253,"class2"
-0.9089351055255562,-0.04502536914242485,"class1"
-0.9084156885182403,0.4937167164274831,"class2"
-0.9082204081555447,0.49369302363326023,"class2"
-0.9072656826932163,0.7716540672490576,"class1"
-0.9070539840394715,0.4935507900545523,"class2"
-0.9022030068760163,0.4929462979699799,"class2"
-0.9010638375422843,0.4928013576845854,"class2"
-0.8987669847358536,0.49250572729590253,"class2"
-0.8981224202887113,0.7688036588797217,"class1"
-0.8973155812093265,0.4923165991102556,"class2"
-0.8962532313007967,0.4921770413131166,"class2"
-0.895167459069338,0.492033430206473,"class2"
-0.8926190058672206,0.4916925146703198,"class2"
-0.8923696192298337,0.49165886619830534,"class2"
-0.8903583004951882,0.49138563557892345,"class2"
-0.8897745134291889,0.49130571598227707,"class2"
-0.8893881618295973,0.22025785551714294,"class2"
-0.8885873689457937,0.7658207410824295,"class1"
-0.8880358858596205,0.4910660772516596,"class2"
-0.8872342839637367,0.765396591790233,"class1"
-0.8868280059385414,0.7652691951547973,"class1"
-0.8847027478686764,0.4905999417279449,"class2"
-0.8846248557929356,0.49058894399750363,"class2"
-0.8845034063213562,0.4905717868469481,"class2"
-0.8833432089105138,0.4904073058552486,"class2"
-0.8812942562794347,-0.05849667357981143,"class1"
-0.8810875460538751,0.49008453512084843,"class2"
-0.880409286806713,-0.05892651808293593,"class1"
-0.8789501104533195,0.4897750807541508,"class2"
-0.8785867515016093,0.4897221288196759,"class2"
-0.8774821646949719,0.21242518557089463,"class2"
-0.8771601835057431,0.4895132728189792,"class2"
-0.8756779699950163,0.48929465261681215,"class2"
-0.8741576654735298,0.4890687154140927,"class2"
-0.8740873364827859,0.48905822220324474,"class2"
-0.8735255624466856,0.4889742736090005,"class2"
-0.870230899217969,0.48847728509533606,"class2"
-0.8694308620251124,0.48835541294533213,"class2"
-0.8685142069545795,0.4882152097774238,"class2"
-0.8677347299579402,0.7592606756242075,"class1"
-0.8675933858861908,0.7592160397212253,"class1"
-0.8657339885538016,0.48778630351105096,"class2"
-0.865358660348267,0.4877279815075914,"class2"
-0.8643040869529846,0.20387968819607843,"class2"
-0.8630290162035495,0.7577734038980363,"class1"
-0.8618850426232123,0.7574114620712974,"class1"
-0.8600995199407301,0.7568462428000591,"class1"
-0.8599503211572962,0.4868766567820436,"class2"
-0.8594402868336514,0.4867953292981184,"class2"
-0.8584497553131467,0.48663687648990156,"class2"
-0.8564391198647708,0.75568638535007,"class1"
-0.8561842629043032,0.48627196773189485,"class2"
-0.8546711300933146,0.7551256242381247,"class1"
-0.8546030639611616,0.486015231988975,"class2"
-0.8533724181133507,0.19688367508097676,"class2"
-0.853358571251118,0.4858119923989301,"class2"
-0.8523675207269903,0.7543944467692428,"class1"
-0.8523194040984433,-0.07252364461762285,"class1"
-0.8512323549891244,0.4854623839921849,"class2"
-0.8506823139112379,0.4853714577140138,"class2"
-0.8504162568509357,0.48532740520155954,"class2"
-0.8490320037334083,0.4850974613907468,"class2"
-0.8475234414981813,0.48484545116398076,"class2"
-0.8444315044639172,0.4843243584135658,"class2"
-0.8435801652771848,0.7515997859901962,"class1"
-0.8410945442257095,0.483755157833764,"class2"
-0.833795062806026,0.4824859133722336,"class2"
-0.8304960904702208,0.7474225320068969,"class1"
-0.8302030341941515,0.18231300316356996,"class2"
-0.8280294783871833,0.4814605428201483,"class2"
-0.8279314396903816,0.4814429363831018,"class2"
-0.8272037266363523,0.4813120719389235,"class2"
-0.8270585589166128,0.48128592921144364,"class2"
-0.8241773165441919,0.17857734622538946,"class2"
-0.824137692118542,0.4807573024338751,"class2"
-0.8231415353260925,0.4805758809567077,"class2"
-0.8221249556896444,0.4803901495230006,"class2"
-0.8212230178282882,0.48022486608978143,"class2"
-0.8194870076664269,0.4799054265306702,"class2"
-0.8194324773552768,0.4798953647147276,"class2"
-0.8129951173775459,0.4786957914452317,"class2"
-0.8099536417558028,-0.09286264356570546,"class1"
-0.809684907484004,0.478069987662543,"class2"
-0.8091625958970009,-0.09324050938079136,"class1"
-0.8082453594771188,0.4777959675792366,"class2"
-0.8080649480859258,0.47776154661934356,"class2"
-0.8066515600671325,-0.09443952033376751,"class1"
-0.804033151346705,0.4769877361175861,"class2"
-0.803704049324123,0.47692418804348113,"class2"
-0.80136450963365,-0.0969617971647548,"class1"
-0.7985703092024417,0.4759254669504797,"class2"
-0.7977068444441741,0.4757561293062784,"class2"
-0.7966416545926471,0.16176662720542406,"class2"
-0.7962588527260446,0.4754712880265835,"class2"
-0.7954140556000524,0.47530460278321746,"class2"
-0.7951913504450756,0.7360559997775344,"class1"
-0.7950864405319513,0.4752398626483495,"class2"
-0.7936482119364281,0.7355560446610889,"class1"
-0.7915912976493737,0.4745457610294051,"class2"
-0.790323820246002,0.7344781032914693,"class1"
-0.7902634135434565,0.1579303057885469,"class2"
-0.7887692454253861,-0.10295821812272919,"class1"
-0.7859651781575598,0.47341546964253806,"class2"
-0.7857434391543827,0.473370597522108,"class2"
-0.7851359144453206,0.4732475309389617,"class2"
-0.7837802652259216,0.7323528154700747,"class1"
-0.7831265877559598,0.4728391995485505,"class2"
-0.782930776265865,0.47279930065221454,"class2"
-0.7822343600975707,0.472657244987492,"class2"
-0.7817717423244144,0.4725627482269473,"class2"
-0.7802869679904826,0.7312163141599691,"class1"
-0.7795468516692728,-0.10733787474245116,"class1"
-0.7772487213377407,0.4716333586656754,"class2"
-0.7744549407423489,0.4710543601398982,"class2"
-0.7738784027934088,0.4709344107464894,"class2"
-0.7729462377852669,0.47074013827158423,"class2"
-0.7720551707903089,0.47055404576720733,"class2"
-0.7708087625589015,0.47029311347680286,"class2"
-0.7698581618782002,0.47009361604162037,"class2"
-0.7681465613902234,0.46973334384796883,"class2"
-0.7646896304939461,0.4690015422669274,"class2"
-0.7629985713024883,0.4686415504101046,"class2"
-0.7616232565744989,-0.11582328934474781,"class1"
-0.761059976812924,0.1406207292566003,"class2"
-0.7607098828953942,0.46815225077124395,"class2"
-0.7600979635687033,-0.11654379500699656,"class1"
-0.7576394861432796,0.46749209325250446,"class2"
-0.7561285009338597,0.4671656608460985,"class2"
-0.7552363569908717,0.13721664311550522,"class2"
-0.7531645283608386,0.4665223625874248,"class2"
-0.7528428414287052,0.4664523090281629,"class2"
-0.7525459272225008,0.4663876095545788,"class2"
-0.7519566306756957,0.4662590826865591,"class2"
-0.7507141678570691,0.46598759690572067,"class2"
-0.747271002954013,0.4652317066013934,"class2"
-0.7456772807652796,0.4648800828761016,"class2"
-0.7454149456625453,0.4648220983186069,"class2"
-0.7443749178295423,-0.12395637532493398,"class1"
-0.742784197974095,0.46423897772220374,"class2"
-0.7425227224417138,0.4641808577246109,"class2"
-0.7414938896999808,0.46395188794672937,"class2"
-0.7393240920681298,0.463467514110546,"class2"
-0.7390273872801301,0.4634011239744741,"class2"
-0.7348180109461229,0.4624552424954561,"class2"
-0.7342126985567207,0.4623186126571026,"class2"
-0.7331587942666193,0.4620803631207849,"class2"
-0.7314106033803877,0.7151769969222035,"class1"
-0.7304830406239966,0.7148701390812442,"class1"
-0.7285099185438324,0.46102393069818676,"class2"
-0.7254430739801111,0.460322149752981,"class2"
-0.7252098443738948,0.4602686235027938,"class2"
-0.7234662437412053,0.11890522648209878,"class2"
-0.7218137405214016,0.4594867241257319,"class2"
-0.7207298654599487,0.4592362015462565,"class2"
-0.7196646551520336,0.4589895347802715,"class2"
-0.7179889398092325,-0.13633680216854283,"class1"
-0.717190251229305,0.7104626037489267,"class1"
-0.715504748323944,0.4580219162223587,"class2"
-0.7115387244513101,0.45709304120171074,"class2"
-0.7115036527486643,0.45708479967166615,"class2"
-0.7104538668555704,0.7082218893074123,"class1"
-0.7098055119767162,0.11115923014999883,"class2"
-0.706938028996715,0.45600784399319066,"class2"
-0.7037382670608814,0.4552482868245986,"class2"
-0.7036632326109862,0.4552304282207534,"class2"
-0.7027733285634717,-0.1434426511943993,"class1"
-0.7013174721744522,0.4546710445504542,"class2"
-0.7010810032971265,0.45461453895826465,"class2"
-0.7008973920926402,0.4545706494133852,"class2"
-0.6992618753580723,0.45417914134958465,"class2"
-0.6986673455271075,0.4540365736339721,"class2"
-0.6972226977072817,-0.14602881933049985,"class1"
-0.6961218421235104,0.4534246644415813,"class2"
-0.6959880718091922,0.4533924405756744,"class2"
-0.6954019488585745,0.45325117100152174,"class2"
-0.6939257690320739,0.45289480984491864,"class2"
-0.6939004517337674,0.45288869099159546,"class2"
-0.6934294958879318,0.45277482389722074,"class2"
-0.6931213576041689,0.10179680795387157,"class2"
-0.6927687192972332,0.45261492363695016,"class2"
-0.6927567121904624,0.4526120165614331,"class2"
-0.6917656998625334,-0.14856822982455647,"class1"
-0.6888538328031395,0.4516642627199563,"class2"
-0.6871117584273225,0.45123942340879325,"class2"
-0.6869940105690823,0.45121066830648254,"class2"
-0.686949147414649,0.45119971098561007,"class2"
-0.6853304295362919,0.4508038676066386,"class2"
-0.684914321388557,0.45070195827155685,"class2"
-0.6847578488238304,0.4506636202342599,"class2"
-0.6838967636065607,0.45045248336920624,"class2"
-0.6821990020059521,0.4500354103782548,"class2"
-0.6813867550699066,0.4498355064051205,"class2"
-0.6811085130070789,-0.15351862096895222,"class1"
-0.6806250119442835,0.6982429433631244,"class1"
-0.680199702962044,0.44954293244792953,"class2"
-0.6793427998042136,0.6978119190053287,"class1"
-0.6761378619649028,0.4485380009644861,"class2"
-0.6740349362413977,0.4480154212088607,"class2"
-0.672537146404092,0.4476422681836364,"class2"
-0.6722385657535508,0.44756778686271237,"class2"
-0.6721641795889528,0.4475492262749878,"class2"
-0.667301957286828,-0.15991445920106076,"class1"
-0.6660513078588102,0.4460173666903491,"class2"
-0.6645491355571573,0.4456389464503917,"class2"
-0.6635431709654304,0.445385094429067,"class2"
-0.6619913286053934,0.4449928111874691,"class2"
-0.6599002967322873,0.44446292735501186,"class2"
-0.6579975531192517,0.6906116658940227,"class1"
-0.657012475270903,0.44372868754331873,"class2"
-0.6566978043887455,-0.16481347437739385,"class1"
-0.6551411230815225,0.44325138391318786,"class2"
-0.6494055512563836,0.4417811678676442,"class2"
-0.6475965543255533,0.4413151921199091,"class2"
-0.6475709169672244,0.44130858046881716,"class2"
-0.6474828899432117,0.4412858774151728,"class2"
-0.6463052268038739,0.4409819004119022,"class2"
-0.6461990015106609,-0.16965247483258605,"class1"
-0.6452636180173701,0.44071266100346085,"class2"
-0.6446074450685083,0.4405428676565161,"class2"
-0.6440108725757775,0.4403883741533163,"class2"
-0.6439964175718573,0.44038462931518907,"class2"
-0.6401905961046555,-0.1724167486960449,"class1"
-0.6398666033313692,0.6844589856094041,"class1"
-0.6386450218863724,0.4389935678181544,"class2"
-0.6371486700750559,0.43860293835989156,"class2"
-0.6371033794490333,0.43859110376797616,"class2"
-0.6358535888064715,0.43826426864582324,"class2"
-0.6352445958007075,0.4381048276990559,"class2"
-0.6346859968602141,0.43795847577298636,"class2"
-0.6343221196005641,0.4378630867623172,"class2"
-0.633782378682668,0.4377215176659931,"class2"
-0.633377173125571,0.43761517469905487,"class2"
-0.6331634843357699,-0.17564503990440822,"class1"
-0.6331571361316638,0.4375574057519972,"class2"
-0.6320837643090913,-0.1761406247269933,"class1"
-0.631360188196486,-0.17647267557202206,"class1"
-0.6311798242030884,0.6814992961519051,"class1"
-0.6306654092636549,-0.1767914614013904,"class1"
-0.629545891321028,0.43660709760543814,"class2"
-0.6288541110317841,0.4364245811092541,"class2"
-0.6280618264415824,0.4362153619250192,"class2"
-0.6222397520197073,0.06311993992957621,"class2"
-0.6206128668456661,0.43423865947520074,"class2"
-0.620398658063643,0.4341815592326607,"class2"
-0.6149872737967855,0.43273437005857945,"class2"
-0.6147903010881013,0.4326815225511572,"class2"
-0.6145266364026014,0.4326107630354957,"class2"
-0.613082417149958,0.4322228007848856,"class2"
-0.6119936402740931,-0.18534037223211944,"class1"
-0.6112392301887051,0.4317267368814457,"class2"
-0.6097105155674718,0.43131452258018144,"class2"
-0.6091617925886315,0.4311663874760335,"class2"
-0.6082054445720866,0.43090799025269816,"class2"
-0.6080840364643598,0.6735931760966838,"class1"
-0.6077310143794967,0.43077970038425567,"class2"
-0.6056943894910926,0.43022820740951645,"class2"
-0.6043957970963315,0.4298759118969481,"class2"
-0.6037272627906427,-0.18911394354029562,"class1"
-0.6023259582776102,0.4293133379523766,"class2"
-0.601681300170886,0.4291378604389034,"class2"
-0.6001170467509302,0.42871155098480745,"class2"
-0.600110534845347,0.42870977475596606,"class2"
-0.5995801244010588,0.42856505423215985,"class2"
-0.5989240078295638,0.4283859194654912,"class2"
-0.5981784723565413,0.42818221607639356,"class2"
-0.5974048896383004,0.427970675001951,"class2"
-0.5941072356074171,0.04821886275816148,"class2"
-0.5939337843186354,0.4270193012071387,"class2"
-0.5939170402470253,0.4270147033189333,"class2"
-0.5928346530058376,0.4267173071247518,"class2"
-0.5915989841144547,0.42637737501731,"class2"
-0.5885587550006326,0.4255391080837206,"class2"
-0.5883482065269819,0.4254809548319536,"class2"
-0.5866663671846243,0.666213650843481,"class1"
-0.5851867934751221,0.6657021686367138,"class1"
-0.5848409917750319,0.4245103733531628,"class2"
-0.5846271023291141,0.4244510666631241,"class2"
-0.5824355102081358,0.042105780665593256,"class2"
-0.5818817806318994,0.4236886798826068,"class2"
-0.5817319261679468,0.42364700226914015,"class2"
-0.5808894977636598,0.42341258557355915,"class2"
-0.5786431735752218,0.4227865225697794,"class2"
-0.5763442606555562,0.4221443109551442,"class2"
-0.57580595001095,0.6624541889669691,"class1"
-0.5735922275856391,0.4213735427142664,"class2"
-0.5718968146709261,0.42089763742657077,"class2"
-0.5718938359001593,0.4208968005665736,"class2"
-0.5715699855225393,0.4208058026729239,"class2"
-0.5714349328216284,0.420767845825066,"class2"
-0.5702111239457324,-0.2043440080481007,"class1"
-0.5701523407741624,0.4204071146766648,"class2"
-0.5697561710820165,0.4202955977814359,"class2"
-0.5692755414397686,0.42016024727670603,"class2"
-0.5690321246537645,0.420091673747358,"class2"
-0.5674340530655722,0.4196410648093706,"class2"
-0.5670084082243576,0.41952092502223076,"class2"
-0.5623855898050363,0.4182128655745753,"class2"
-0.5572449334827243,0.4167513287014603,"class2"
-0.557164502962345,0.4167284037300109,"class2"
-0.555652938730428,0.4162972352006944,"class2"
-0.5548119802952811,-0.2113041850531211,"class1"
-0.5515985033675305,0.41513763692591926,"class2"
-0.5507331299394613,0.4148895540564854,"class2"
-0.5500058182173625,0.414680893125822,"class2"
-0.5485455372638945,0.024574914425621847,"class2"
-0.5467711650664183,0.41375115807647844,"class2"
-0.5465199512487282,0.4136788335644316,"class2"
-0.5450348619072654,-0.21571117552900088,"class1"
-0.5450204039842075,0.4132467601587097,"class2"
-0.5441032614816468,0.4129822005509844,"class2"
-0.5393788783673066,0.4116158334987459,"class2"
-0.5391290487422351,0.41154341297505814,"class2"
-0.5375178176437289,0.4110759512713908,"class2"
-0.5356792257581735,0.4105416846570803,"class2"
-0.5350368959539398,0.4103548225526944,"class2"
-0.5346333039907863,0.4102373566158543,"class2"
-0.533756597015456,0.6477884384884874,"class1"
-0.5323647706274462,0.4095762976616478,"class2"
-0.5314072096554094,0.40929685424107437,"class2"
-0.5304077419179798,0.01532126916813006,"class2"
-0.5300146186856282,0.40889002702959576,"class2"
-0.5255979954504153,-0.2244444452746344,"class1"
-0.5254357166675788,0.407548784275008,"class2"
-0.521579983648351,0.4064151394205052,"class2"
-0.5211893287924814,-0.22642019550706424,"class1"
-0.5196536695716985,0.6428308949704347,"class1"
-0.5189580503245225,0.6425858657311143,"class1"
-0.5189258681976376,0.40563255400364223,"class2"
-0.5189200131559701,0.4056308255943431,"class2"
-0.5164518882290394,0.4049014498390744,"class2"
-0.5159728279596212,0.40475969763032016,"class2"
-0.5152198703989723,0.4045367813782366,"class2"
-0.5144963096272532,0.40432243146708113,"class2"
-0.5144866973667236,0.6410097263994484,"class1"
-0.5128101324681282,0.40382239400076064,"class2"
-0.5110960120320724,-0.23093641607073614,"class1"
-0.5106934337454703,0.40319365907875704,"class2"
-0.5103858307580431,-0.2312538120285774,"class1"
-0.5100743578310828,0.4030095561269385,"class2"
-0.5092926717981558,0.40277695663771723,"class2"
-0.5012227764224717,0.40036664591454457,"class2"
-0.497912434875893,-0.0010432383882938024,"class2"
-0.49684740833723584,0.3990529820982921,"class2"
-0.4939599298923806,0.3981834323411432,"class2"
-0.49262004734418996,-0.23917786241071937,"class1"
-0.49170148766909205,0.3975018735242786,"class2"
-0.49134026425693034,0.6328197173463878,"class1"
-0.49083823231376034,-0.23997092200612402,"class1"
-0.488402025408683,0.3965038897438253,"class2"
-0.48767149648142694,0.3962825654556656,"class2"
-0.4868733632588753,0.39604060970903704,"class2"
-0.48640151629113204,0.3958974948354777,"class2"
-0.48403299584604836,0.39517828052601445,"class2"
-0.48304449428029256,0.3948777110856476,"class2"
-0.4794080227304739,0.39376993647933944,"class2"
-0.4764893544809802,0.39287850379314176,"class2"
-0.47354559137014834,-0.24765176118200208,"class1"
-0.47265218866600955,0.3917034088644277,"class2"
-0.47163499739308523,0.6258066235282882,"class1"
-0.4699755909133199,0.39088163036178863,"class2"
-0.46977434309509997,0.39081977312286925,"class2"
-0.46457273008889455,0.3892176048338721,"class2"
-0.4631354668503121,0.3887737719741109,"class2"
-0.45652134288759716,0.3867250003311487,"class2"
-0.4559017556046633,0.6201804637527677,"class1"
-0.45560615474713445,0.38644070202413305,"class2"
-0.4542022959472847,-0.2562094913976062,"class1"
-0.4541528932680148,0.38598884995177046,"class2"
-0.4537938236089458,-0.2563898199194746,"class1"
-0.45325095457006204,0.385708167607464,"class2"
-0.4528303983828912,-0.2568150808619357,"class1"
-0.4520737681200322,0.6188080139433874,"class1"
-0.4520427555669647,0.6187968893010035,"class1"
-0.4506913384112433,-0.257758957146376,"class1"
-0.44917250234357253,0.38443658266250713,"class2"
-0.4488429270539066,-0.025259316143783628,"class2"
-0.4486562369639241,-0.25865655666201903,"class1"
-0.4470882877651814,0.6170184760305061,"class1"
-0.44640768621576943,0.3835723599040647,"class2"
-0.44562834657586786,0.3833284340581943,"class2"
-0.4453988609749616,0.6164115200680051,"class1"
-0.44468625586316396,0.38303338066608317,"class2"
-0.4428119103550491,0.382445743298823,"class2"
-0.44253609022692164,0.3823592007035213,"class2"
-0.4418713175076033,0.3821505463469703,"class2"
-0.4396658617346754,0.38145758283646275,"class2"
-0.4318090200034556,0.3789798535062062,"class2"
-0.42812272371228205,0.37781248735018585,"class2"
-0.4274282332461964,0.3775922124159808,"class2"
-0.42740002349148704,0.3775832626784533,"class2"
-0.42636997378911934,0.37725634884841064,"class2"
-0.4236222545266891,0.3763831121742329,"class2"
-0.4198153027022645,-0.27133485426823706,"class1"
-0.419021494155117,0.3749171587429644,"class2"
-0.41819697819675067,0.374653938046784,"class2"
-0.41793694324287206,0.37457089215688333,"class2"
-0.4159302306582305,0.3739295101721293,"class2"
-0.41566949763090955,0.3738461089731518,"class2"
-0.4147002144851823,0.3735359291605377,"class2"
-0.4143468285391678,0.3734227900893683,"class2"
-0.41231708162397507,0.3727724122707201,"class2"
-0.4103789810562658,0.37215054356478694,"class2"
-0.408793776686785,0.3716412861682558,"class2"
-0.4080996217902573,0.37141810874290293,"class2"
-0.4077754141777368,0.6028245826097334,"class1"
-0.4068483164592835,0.3710155323676912,"class2"
-0.4056452641448425,0.37062815337851135,"class2"
-0.40408044630736073,0.6014830165538406,"class1"
-0.40277994899918346,-0.2787865683717522,"class1"
-0.4009430958455543,0.3691110050261999,"class2"
-0.3978249339053732,0.36810225133728247,"class2"
-0.3956328776591557,0.3673918252600084,"class2"
-0.39533412573989174,0.3672949209963878,"class2"
-0.3952048627857686,0.3672529867458375,"class2"
-0.3936741043462818,0.3667561152208812,"class2"
-0.3928724919715021,0.5974057948077616,"class1"
-0.39251110868578726,0.3663782746527365,"class2"
-0.391337713875862,0.3659967568602448,"class2"
-0.3887263227090853,0.3651466137588061,"class2"
-0.38755495811887375,-0.28542329845892894,"class1"
-0.3867623042598678,0.36450624867816794,"class2"
-0.3867019162703209,0.5951560383658281,"class1"
-0.3860630421043787,0.3642780536127718,"class2"
-0.38289566596875957,-0.2874499908652327,"class1"
-0.3823724769366489,0.593575421615177,"class1"
-0.3821609987936564,0.5934981690359158,"class1"
-0.37992759296766926,0.36227130101018257,"class2"
-0.3796483374217485,0.3621797704848805,"class2"
-0.37485510214809814,0.36060610066950105,"class2"
-0.3731002583939953,0.5901843718172906,"class1"
-0.37297291504617075,0.35998681350457873,"class2"
-0.3701009367379031,-0.29300498789810886,"class1"
-0.3694880940534982,0.35883822360792417,"class2"
-0.3676956712736499,0.3582464378273399,"class2"
-0.3673276637122984,-0.2942070257052052,"class1"
-0.3663205880458272,0.3577919781345028,"class2"
-0.36496130156411805,0.35734234502404744,"class2"
-0.363289231787635,0.35678871076389634,"class2"
-0.36325053588439643,0.35677589127001286,"class2"
-0.3628698732058051,0.586433591700908,"class1"
-0.3624300793371839,0.35650400923157666,"class2"
-0.3619911766551865,0.35635850771256183,"class2"
-0.3606840065581203,0.35592492413229815,"class2"
-0.36010891889557495,0.3557340554439033,"class2"
-0.3595222070331462,-0.29758634972329784,"class1"
-0.35932976842635117,0.3554753481211493,"class2"
-0.3589591137785132,0.35535223191036525,"class2"
-0.3579483868863369,0.3550163630722949,"class2"
-0.3547275181715194,0.35394462198449744,"class2"
-0.3547202658219925,-0.07016599365657697,"class2"
-0.353850405838695,0.3536523864327978,"class2"
-0.3534619933649995,0.3535229239754618,"class2"
-0.35298981993318046,-0.3004101492957591,"class1"
-0.351983426984263,0.582431578702777,"class1"
-0.3505263009621596,0.35254340171357235,"class2"
-0.35027283500323664,0.35245874582658576,"class2"
-0.3466518413045897,-0.3031461217735118,"class1"
-0.34633955512334563,0.35114333956054605,"class2"
-0.3463139001416889,0.35113474918721643,"class2"
-0.3400116561238842,0.34902034954324107,"class2"
-0.3381374987437451,-0.3068157202722385,"class1"
-0.337172517689808,0.34806513211713647,"class2"
-0.3365728281831854,0.3478631558874311,"class2"
-0.33575972694091416,0.3475891838243921,"class2"
-0.33459018601564905,-0.3083425956999324,"class1"
-0.3297776988710329,-0.310412180944513,"class1"
-0.3265377506706066,0.3444723514791362,"class2"
-0.3214613218692622,0.3427491960989808,"class2"
-0.3208915922806882,0.3425554778058305,"class2"
-0.3205731932299646,0.34244718763398724,"class2"
-0.3197098211517556,-0.08638558689405958,"class2"
-0.3174244038687816,0.34137514840414446,"class2"
-0.3163143805441349,0.340996749106369,"class2"
-0.3157373485552718,0.3407999441867796,"class2"
-0.30968324387018265,0.5667771827631857,"class1"
-0.3088218204441683,0.3384360647874303,"class2"
-0.3081916392358879,0.33822017511330355,"class2"
-0.30682932630409104,0.33775319591705016,"class2"
-0.3045917152650264,0.33698536836940807,"class2"
-0.30410981220607014,0.3368198735495585,"class2"
-0.3038621019401778,-0.3215202931717265,"class1"
-0.30286566148767063,0.33639239265238186,"class2"
-0.3025367395742787,0.3362793256422067,"class2"
-0.30183705560250973,0.3360387369165348,"class2"
-0.3011395273882061,0.33579879180624106,"class2"
-0.3007140734320007,0.3356523906002407,"class2"
-0.2997133948654318,0.33530790838490815,"class2"
-0.29792310169121583,0.33469110272103025,"class2"
-0.29755156938582256,0.33456301927451554,"class2"
-0.2975045544894653,0.33454680921679064,"class2"
-0.2971873328777012,0.33443742424607953,"class2"
-0.29674147110434346,0.33428364736010846,"class2"
-0.29283128963409993,0.3329333347409862,"class2"
-0.29266040048179404,0.33287425170744134,"class2"
-0.2918906731545483,0.33260805497835066,"class2"
-0.29133146590862696,0.33241458903820187,"class2"
-0.29090438736212315,0.3322667930901846,"class2"
-0.2901462388295653,0.33200433689887415,"class2"
-0.2887493496925447,0.33152046231374455,"class2"
-0.288459355772437,0.33141996150079,"class2"
-0.2865185272186726,0.3307469152415267,"class2"
-0.28588781611385683,0.3305280347016561,"class2"
-0.2855632240630388,0.3304153583205858,"class2"
-0.2850321687530946,0.33023096690791637,"class2"
-0.28101692901044373,-0.33126109902021383,"class1"
-0.28008748061311367,0.32851141158035907,"class2"
-0.2784534715992389,0.327942111223855,"class2"
-0.27844824957722936,-0.33235334815919604,"class1"
-0.27428071061695547,-0.33412417625566265,"class1"
-0.273700452824076,0.3262831388699616,"class2"
-0.2730889251325781,0.3260693717510076,"class2"
-0.27166940146903745,0.32557287683022046,"class2"
-0.26992325212353574,0.3249615991425154,"class2"
-0.2683945482247961,0.32442595296994137,"class2"
-0.26201964782723064,0.32218731576398757,"class2"
-0.26169405862239453,0.3220727677996759,"class2"
-0.25798581834024825,0.3207666893249615,"class2"
-0.257938964220609,0.5474037923900154,"class1"
-0.2544412762693582,0.5460853957184904,"class1"
-0.25244530773354806,0.31881029395927774,"class2"
-0.25219937739824894,0.31872331630286765,"class2"
-0.251988598912227,0.3186487614140885,"class2"
-0.24798467687482517,-0.3452610133512704,"class1"
-0.24772524082791741,0.3171389170165126,"class2"
-0.24495155242800004,0.316154747481482,"class2"
-0.24272755494853943,0.3153645507517984,"class2"
-0.2426922376337824,0.3153519946679498,"class2"
-0.24190720021607817,-0.12154707447209255,"class2"
-0.24190385840477285,0.3150716460405423,"class2"
-0.24120048518703197,0.31482142480740166,"class2"
-0.23933648037424532,0.31415785548600744,"class2"
-0.2385736062736098,0.5400903305753769,"class1"
-0.23722548612076705,0.31340555489097827,"class2"
-0.23603864458338353,0.5391304568276863,"class1"
-0.23504034361670711,0.31262593017084606,"class2"
-0.2319614940006257,0.31152589368317996,"class2"
-0.23177666432476385,-0.3520939915242417,"class1"
-0.23152883942018876,0.31137116609476445,"class2"
-0.2286546860302514,0.31034239291993004,"class2"
-0.22618009965867486,0.30945537827243585,"class2"
-0.22517928608033755,0.30909630566520635,"class2"
-0.22302388434290565,0.30832234177223816,"class2"
-0.22245539826959249,0.30811806196011504,"class2"
-0.2193604799657347,0.30700485693367585,"class2"
-0.21800350629924242,0.30651619647954237,"class2"
-0.2139070537672607,-0.3595997902362029,"class1"
-0.2135069723714335,0.30489445373325574,"class2"
-0.2135027860711602,0.30489294209772855,"class2"
-0.20804239040284778,0.3029184230470449,"class2"
-0.20513757549782008,0.30186572831174274,"class2"
-0.2046163564786887,0.5271838146297088,"class1"
-0.20447887587226032,-0.36354824752781906,"class1"
-0.20228385149820532,0.3008300014132059,"class2"
-0.1993067057618842,0.29974784786890873,"class2"
-0.19705597804771702,-0.3666512417387195,"class1"
-0.19637491049828915,0.29868055221713646,"class2"
-0.1948306615233359,0.29811773309718703,"class2"
-0.19039851402304875,0.2964999062765108,"class2"
-0.18709759349976007,0.29529261441843174,"class2"
-0.18627089139081504,0.29498993447343647,"class2"
-0.1862119514837488,0.29496834996996024,"class2"
-0.18287526004056837,0.29374535684503095,"class2"
-0.18104165949800838,0.2930724063055979,"class2"
-0.17885702796363645,0.2922698066842394,"class2"
-0.17884404512406887,0.2922650343371074,"class2"
-0.174382596080995,0.2906232003089224,"class2"
-0.17411095191070142,0.2905231145912155,"class2"
-0.17396799332167168,0.5154452526467096,"class1"
-0.17210326178289947,0.2897829682611368,"class2"
-0.16719975273734616,0.2879721210109338,"class2"
-0.16717593149079663,0.2879633130471783,"class2"
-0.16507633334504573,0.28718656912898244,"class2"
-0.1602768247714959,0.28540793634746575,"class2"
-0.1599993708011962,0.5100670168503818,"class1"
-0.15945863297447166,0.28510430122448355,"class2"
-0.1588663458688208,0.2848844234147069,"class2"
-0.15742031289783726,0.2843473333144761,"class2"
-0.1560410676118198,0.2838346905388276,"class2"
-0.15346192265578357,0.28287512445457785,"class2"
-0.15152875266584742,0.28215508929362504,"class2"
-0.150563561256275,0.28179533347228214,"class2"
-0.14725206124116846,0.280559736382295,"class2"
-0.14682247333354298,0.28039929959838894,"class2"
-0.14549927125642503,0.27990491476203966,"class2"
-0.1428146275978574,0.2789008705651559,"class2"
-0.14224080890852203,0.2786860935962982,"class2"
-0.138324362758041,0.277218579492654,"class2"
-0.13542916083999718,0.27613192585991886,"class2"
-0.13413138988709478,0.2756443369060214,"class2"
-0.13376130440789546,-0.3929081981919569,"class1"
-0.12771301062544888,0.2732283461129869,"class2"
-0.12628672372510164,0.2726904454501165,"class2"
-0.12608983814210628,-0.17174429363108507,"class2"
-0.125304318266523,-0.3963891383091679,"class1"
-0.12437420306406677,0.2719685874970939,"class2"
-0.12288200470939592,0.49569059481594013,"class1"
-0.12244071573292653,0.27123813827238985,"class2"
-0.12168016634043,0.4952230238577017,"class1"
-0.11640231124861472,0.2689525162412184,"class2"
-0.11597603156497022,0.26879091263463833,"class2"
-0.1155706856774108,0.26863721443408395,"class2"
-0.10987846984264088,0.26647569868669463,"class2"
-0.10738089338999307,0.2655254324333539,"class2"
-0.10516230181259223,0.48878366402007606,"class1"
-0.10488616586571992,0.2645751205731578,"class2"
-0.10355346578302926,0.26406699527277083,"class2"
-0.10185340968505563,0.26341833914856905,"class2"
-0.10120524880114135,0.2631708956117821,"class2"
-0.09942546799906998,0.262491050731823,"class2"
-0.09794096054493967,0.2619235564332509,"class2"
-0.09613676279677713,0.2612333147596686,"class2"
-0.09527491384960884,0.4849174270169746,"class1"
-0.09520116422216113,0.26087514590639077,"class2"
-0.09241177008958384,0.25980636166000765,"class2"
-0.09218071971188957,0.4837057116530948,"class1"
-0.0919645457803554,-0.4100493872086141,"class1"
-0.0861381043572374,0.25739740706634756,"class2"
-0.08545263798056668,0.4810679691497586,"class1"
-0.08415697053636184,-0.41323396067987905,"class1"
-0.08414881263469648,0.2566320773855206,"class2"
-0.08362736435240564,0.2564313452321705,"class2"
-0.08298264432546731,0.25618309165464315,"class2"
-0.08075637680384312,0.25532527670304034,"class2"
-0.08032247339901954,0.25515798301442966,"class2"
-0.07906427301311592,0.25467268548897964,"class2"
-0.07785120328357065,-0.41580198434170734,"class1"
-0.07595331425855156,0.25347154010585843,"class2"
-0.07490065602174673,0.2530647125415916,"class2"
-0.07374813450611106,0.2526190613191119,"class2"
-0.07068794251930544,0.47526525362161687,"class1"
-0.07054205677042424,0.4752078211959065,"class1"
-0.06875464042233187,0.2506854397426711,"class2"
-0.06797519988845296,0.25038321355945287,"class2"
-0.06676478638178568,0.249913662025726,"class2"
-0.06269121847870285,0.24833148161339375,"class2"
-0.06134046749068722,0.4715814798715281,"class1"
-0.060035534033614835,-0.42303816518140175,"class1"
-0.05425864678183712,-0.42537845768511745,"class1"
-0.05104827187296096,0.24379290378125476,"class2"
-0.05096159483435819,0.24375902463480964,"class2"
-0.04933940641553347,0.24312471690143228,"class2"
-0.048424147221569236,0.24276662412905917,"class2"
-0.04819053225857417,-0.427833512895535,"class1"
-0.04750370175988938,0.2424063506883952,"class2"
-0.04408963022190937,0.46476250548830755,"class1"
-0.04151543839834548,0.2400587625786043,"class2"
-0.04040552707483175,0.23962293609339413,"class2"
-0.04010796837010677,0.23950605682511913,"class2"
-0.03922894355586526,0.23916068848582087,"class2"
-0.03562279331820073,0.2377423849302404,"class2"
-0.033295335711142016,0.23682575568649153,"class2"
-0.03261873006396376,-0.434118518241251,"class1"
-0.03138216442527941,0.23607155937366558,"class2"
-0.030960418951238466,0.23590521378942525,"class2"
-0.027454759272250384,0.4581617885961032,"class1"
-0.027176758958899427,0.23441143130649525,"class2"
-0.02672646477305629,0.23423348524451648,"class2"
-0.02294209868823316,0.45636689572018696,"class1"
-0.01844510170578678,0.2309544060005713,"class2"
-0.015835609690675656,-0.4408681368627291,"class1"
-0.013570060827983066,0.22901835090630468,"class2"
-0.008831428538547903,0.4507426788982428,"class1"
-0.008269756709599785,0.22690858346312232,"class2"
-0.006917148196386669,0.44997831499322344,"class1"
-0.006697627020758379,0.22628183628221382,"class2"
-0.005775680130947092,0.4495223757132268,"class1"
-0.0050272178294456515,0.22561542439172702,"class2"
-0.0008400918000008861,0.2239427713453928,"class2"
0.0001317608798612202,-0.4472662990754981,"class1"
0.00016765690512698939,0.22353973247379727,"class2"
0.0005497246429299607,0.22338688086346759,"class2"
0.0016740670440684169,0.22293692026894893,"class2"
0.002340504860173398,0.22267010584146688,"class2"
0.00309572787390916,0.22236764942169496,"class2"
0.0034138287686130697,0.2222402238543646,"class2"
0.005768218235744582,0.44490482021883215,"class1"
0.007693216358171773,0.2205242174250245,"class2"
0.009831675188058497,0.21966548181007248,"class2"
0.01114981329928294,0.21913575278372346,"class2"
0.011333343577883404,0.21906197158255072,"class2"
0.011588391560360567,0.21895942946721733,"class2"
0.013209749468131915,0.21830728988881556,"class2"
0.014314766628809483,0.2178625624121882,"class2"
0.01542993619018923,0.2174135274751167,"class2"
0.01702419131603905,0.21677119715557308,"class2"
0.019837362016426552,0.2156366525906148,"class2"
0.02165767729799961,-0.4558556891504965,"class1"
0.021777611417857723,0.21485332966461443,"class2"
0.024158688226253666,0.21389111381767914,"class2"
0.024871167609112343,0.2136029968318358,"class2"
0.025417702811514953,0.21338192382811447,"class2"
0.02643344613811882,0.21297091450928005,"class2"
0.02837463198332424,0.21218492125847738,"class2"
0.028985895707753284,0.2119372786589673,"class2"
0.02984636648231087,0.21158856088246028,"class2"
0.03290504633182756,0.21034791484168527,"class2"
0.03669697608132744,0.20880752520639007,"class2"
0.03742593831034435,0.20851110481608243,"class2"
0.03824804179352609,0.20817669583684767,"class2"
0.03898651891114474,0.2078762004927191,"class2"
0.03901836324863922,0.2078632404454604,"class2"
0.04056015063848806,0.20723554452186047,"class2"
0.04187508533446327,0.20669986872842055,"class2"
0.04628958521599652,0.20489923024906923,"class2"
0.04822570467887016,0.20410840043506057,"class2"
0.05138772909951528,0.20281538996400786,"class2"
0.052331070008705904,0.20242929289889108,"class2"
0.05281082921830238,0.2022328724783182,"class2"
0.05313211764837228,0.20210130921039232,"class2"
0.05481947876994031,0.4251513882688232,"class1"
0.05917407798810692,0.4233873418403764,"class1"
0.06376394346020131,0.19773726433895475,"class2"
0.07103775858792438,-0.47540296174252034,"class1"
0.07570937963878588,0.41667343132134027,"class1"
0.07573934338955701,0.19279738686479664,"class2"
0.0769848160660992,0.1922821447327296,"class2"
0.08060945145407628,-0.47916668741618845,"class1"
0.08467671522845488,0.4130221356857471,"class1"
0.0861814758288747,0.18846890452519116,"class2"
0.08675960245989633,0.1882286843577691,"class2"
0.08781207749443709,0.18779121051078157,"class2"
0.09189310881925017,-0.48359303692619376,"class1"
0.0923604509247935,0.4098877588244499,"class1"
0.09314644192057342,0.18557084142941677,"class2"
0.09387871187196639,0.18526564093568684,"class2"
0.0955344132763487,-0.48501901039523826,"class1"
0.0981597231026432,-0.48604637183232513,"class1"
0.10430930676148331,0.40500302010460726,"class1"
0.10523626847214546,0.1805195377923081,"class2"
0.1058592727787886,0.18025852038017193,"class2"
0.10704018199539378,0.1797635668312024,"class2"
0.10983067225598242,0.178592985703173,"class2"
0.11021320311452026,0.17843240792601817,"class2"
0.11099044658877433,0.17810605692773349,"class2"
0.11378311675412506,0.17693255814453876,"class2"
0.11989281087053094,0.17436028062958622,"class2"
0.1200774472221694,-0.4945992897515445,"class1"
0.12037691665233513,0.17415617411575668,"class2"
0.12221476808417836,0.17338091894262792,"class2"
0.12225262234573958,0.1733649445316536,"class2"
0.12330669762521712,0.17292002236624887,"class2"
0.1247893928615888,0.17229383827637554,"class2"
0.12542213766408195,0.39634068738038364,"class1"
0.1268382711296147,0.17142787958585312,"class2"
0.1269290484129143,0.3957208897173044,"class1"
0.12762797433257783,0.17109390700941446,"class2"
0.13137113007511475,0.1695093446070267,"class2"
0.1341096183654683,0.16834845975132168,"class2"
0.1348620995448777,0.16802923201084136,"class2"
0.13506100295488638,0.16794483321604212,"class2"
0.13580075065606356,0.16763087960569328,"class2"
0.13802349738612096,0.16668692946666847,"class2"
0.1410171563394595,0.16541416096000047,"class2"
0.1457877668280802,0.16338251860952627,"class2"
0.14742404394247632,0.16268472154296862,"class2"
0.15280127416447742,0.16038811505240932,"class2"
0.15451980545753358,0.15965301159279865,"class2"
0.1585246660049175,0.15793781759477415,"class2"
0.15956024346983583,0.1574938213356834,"class2"
0.16088339755807174,0.15692624079475465,"class2"
0.16288850979930924,0.15606551130985943,"class2"
0.16519671577885997,0.15507375388262423,"class2"
0.1652579686598169,0.15504742219333204,"class2"
0.16686319533828153,0.3792213876163554,"class1"
0.16784545995884448,0.15393446485129242,"class2"
0.16791499505468033,0.3787848761531108,"class1"
0.1680152499150509,-0.5131554637191704,"class1"
0.168124816577695,0.15381423111962716,"class2"
0.1707181294980853,0.3776210490995348,"class1"
0.1716054289998168,0.15231498051222275,"class2"
0.17223131087661958,0.15204514790591606,"class2"
0.17293324086406436,0.1517424427228482,"class2"
0.1758096890038121,0.15050102817994476,"class2"
0.17626042432126965,0.1503063610727278,"class2"
0.17907607871397313,0.14908945960104816,"class2"
0.1808828682943856,0.14830780418545997,"class2"
0.18133041391209548,0.14811409259427658,"class2"
0.18163214072306666,0.14798347484926525,"class2"
0.18383309745244242,0.1470301661687478,"class2"
0.1881118857246527,0.1451742937481082,"class2"
0.18987863876083977,-0.5215497545379983,"class1"
0.1940692304179984,-0.5231537692403585,"class1"
0.19879081016105915,-0.5249591246031914,"class1"
0.20452214835792343,0.13802477692126217,"class2"
0.20849162114878994,0.3618687215800032,"class1"
0.20951963854647865,0.13583745147990367,"class2"
0.20963769691947254,0.1357857221805138,"class2"
0.21512296025428468,0.13337935660996597,"class2"
0.21641093659093347,-0.531678576006037,"class1"
0.2175309325994385,0.1323211896780557,"class2"
0.21835100955249875,-0.5324167045438039,"class1"
0.21946342611546032,0.3572690444110404,"class1"
0.22150055001369573,-0.5336142650127625,"class1"
0.22182464435795057,0.13043161945164694,"class2"
0.2222714645299521,0.13023478242495304,"class2"
0.2248209312135796,-0.5348758097805918,"class1"
0.22585413854222453,0.1286551398202414,"class2"
0.22981794700940783,0.12690460236454718,"class2"
0.23691889307587177,0.12376110799265619,"class2"
0.23991497274178608,0.12243188688694143,"class2"
0.24336695534858774,0.12089826591841742,"class2"
0.24530509679470858,0.12003619830162848,"class2"
0.2464503119802137,0.11952647700848866,"class2"
0.2480233385150321,-0.5436633565848906,"class1"
0.2480391395077276,-0.5436693242668473,"class1"
0.24831816188806372,0.1186945773135483,"class2"
0.24965879485882525,-0.5442809112192496,"class1"
0.25094117005525174,0.11752520972924664,"class2"
0.25435340540324114,0.11600200468690623,"class2"
0.25706688772407377,0.11478910970297779,"class2"
0.25923905291314187,0.34050231279863274,"class1"
0.26179311264450933,0.1126731288019327,"class2"
0.2641743388031379,-0.3229448531687138,"class2"
0.2651324981840244,0.11117542965839704,"class2"
0.2652071244763151,0.33797413669328125,"class1"
0.2697609273530086,-0.551851621955269,"class1"
0.2712085865742815,0.10844474727096902,"class2"
0.273184369055287,0.10755524495072959,"class2"
0.27322258347856276,-0.5531515986017523,"class1"
0.2747025813172672,0.10687122160832745,"class2"
0.27623664379251445,0.10617959721818396,"class2"
0.28510492843840796,-0.5576055036807198,"class1"
0.28555092785774183,-0.5577724275062516,"class1"
0.2883313504891013,0.10071051406208202,"class2"
0.2893592448733865,0.10024437833323128,"class2"
0.29080838761360395,0.32709204755999677,"class1"
0.2927347306278284,0.3262708053730368,"class1"
0.2931142637583385,-0.5606003729370462,"class1"
0.30292016756698026,0.3219228659466188,"class1"
0.3033892395415003,-0.5644337913857868,"class1"
0.30674518599066025,0.09232819291743465,"class2"
0.31085481365147966,0.09044813807398638,"class2"
0.3127594688118361,0.08957564927986852,"class2"
0.3148892766488411,0.08859915350826283,"class2"
0.31689390068238615,0.08767921415814,"class2"
0.3190110064216026,0.08670677098811737,"class2"
0.32026183660842333,0.08613180341792398,"class2"
0.3205197790023422,0.08601319578750787,"class2"
0.325133098269009,0.08388960057351935,"class2"
0.3287106174361909,0.08223981156687905,"class2"
0.3290746371774449,-0.5739740594522761,"class1"
0.3296267853550035,0.08181689523073685,"class2"
0.32993285250483106,-0.5742917733401158,"class1"
0.3324051375824088,0.08053331489423837,"class2"
0.3439274490038276,0.07519310663688653,"class2"
0.3486403817921273,-0.35191319629826195,"class2"
0.34932941457883726,0.07268000033126565,"class2"
0.3500953582572441,0.07232317522067266,"class2"
0.3522301650339822,0.30073827310907814,"class1"
0.3539376292510471,0.3000006792722037,"class1"
0.3545498830130782,0.29973613068244037,"class1"
0.3546378466154589,0.07020447540118285,"class2"
0.35752735375026934,0.06885450554780802,"class2"
0.3587084344041619,0.06830220262042182,"class2"
0.3613348067418275,-0.5858699469429666,"class1"
0.3619072997082421,0.29655434043711654,"class1"
0.3619743656469523,0.29652531392450754,"class1"
0.369847379955326,0.29311491844823695,"class1"
0.37137647395191076,-0.5895530618910698,"class1"
0.37588651283378144,-0.36094513953329604,"class2"
0.3768080377274068,0.05980143455406305,"class2"
0.3803424318022414,0.05813329475130289,"class2"
0.38247843498645306,0.28763137833535984,"class1"
0.38725579662706755,0.2855534883481832,"class1"
0.3891625929632913,0.05395867103854707,"class2"
0.38967397077605836,0.2845009010050902,"class1"
0.39545965910169223,0.05096791455144593,"class2"
0.3975748043523784,-0.36802123973709855,"class2"
0.4006718294776729,-0.6002442804327187,"class1"
0.4018150418749827,0.0479406717388988,"class2"
0.40270228380737905,0.047517348273864043,"class2"
0.4060092622490569,0.045937983580429324,"class2"
0.408028299690149,0.04497253220204621,"class2"
0.40958986278299836,0.04422521361715138,"class2"
0.4101256094747916,0.043968696160553336,"class2"
0.41024577206281204,0.04391115312356512,"class2"
0.41065650015691435,0.04371444087001354,"class2"
0.41699867628872433,0.04067217612312467,"class2"
0.41781077494234886,0.04028197308527377,"class2"
0.4181977485799081,0.040095985193234325,"class2"
0.41919874970767806,0.03961472659162051,"class2"
0.4236183140917356,0.03748720738919544,"class2"
0.4241533311234267,0.037229358660393966,"class2"
0.4278609987799986,0.03544068859679715,"class2"
0.4279481459001982,0.03539860922699622,"class2"
0.43094571191167685,0.03395017118699273,"class2"
0.43443207093534264,0.032262971985201415,"class2"
0.43688344101254717,0.2638413275743628,"class1"
0.4435108903976862,0.02785626744892796,"class2"
0.4483030677445849,0.025522553325277145,"class2"
0.4490588432585948,-0.617726089466342,"class1"
0.45434525101530454,0.0225724859940782,"class2"
0.4588430791130819,0.020370887737005284,"class2"
0.46080562443055806,0.01940876666790191,"class2"
0.4618228045414974,-0.388367988166363,"class2"
0.46457370434447526,0.01755894204602822,"class2"
0.4647711857884447,-0.6233550536761406,"class1"
0.464896487476465,0.017400324748091344,"class2"
0.467845978422881,0.015949780661966853,"class2"
0.4690572474458155,0.24964065077712985,"class1"
0.46928516279917304,0.24953970266176698,"class1"
0.47721552171369225,0.011328068341198793,"class2"
0.4785824220335199,0.010652049465585647,"class2"
0.47903933371058544,0.010425976739978549,"class2"
0.4811051066460885,0.009403232377573864,"class2"
0.4823502852877056,-0.6296248151194966,"class1"
0.4824879536878554,0.24368343602501,"class1"
0.4825420438800065,0.00869120666995108,"class2"
0.4858910549538287,0.007029762521363895,"class2"
0.4906491851420451,0.004664528280227192,"class2"
0.4914766914546664,0.004252611755760004,"class2"
0.49167041566089786,0.004156155207303286,"class2"
0.49260765689262515,0.0036893657512263945,"class2"
0.4928224814984473,-0.6333457278001142,"class1"
0.4941409333270111,0.0029252547422282623,"class2"
0.4950412392989162,0.002476314265569185,"class2"
0.49834745021717086,-0.6353045667499463,"class1"
0.4987538104575394,0.23644547427225904,"class1"
0.4992142326198137,-0.6356116110638108,"class1"
0.5039738164992019,-0.6372963267432282,"class1"
0.5105882560123084,-0.6396339534282038,"class1"
0.5145533371687323,-0.0073033393901537486,"class2"
0.5191447946436054,-0.009618660921404516,"class2"
0.5215497719397376,-0.010833576043867548,"class2"
0.5235780754691555,-0.01185936995569341,"class2"
0.5238577994707372,0.2252245425755786,"class1"
0.524302232712825,-0.6444671256747798,"class1"
0.526091527543064,-0.6450963724236575,"class1"
0.5319967085205984,-0.01612845158621208,"class2"
0.5365222274130476,-0.018431022744388147,"class2"
0.5365231268852806,-0.018431480931204825,"class2"
0.5386082339758836,-0.019494201192008394,"class2"
0.5455142145629401,-0.6519066999678584,"class1"
0.5472172667717082,0.21472828043064657,"class1"
0.5491317910088116,-0.024875481994217415,"class2"
0.5525942469512874,-0.6543800391183286,"class1"
0.5540351952983503,-0.027393069742726192,"class2"
0.5551352274883906,-0.02795876604378377,"class2"
0.555499843037525,-0.0281463441655346,"class2"
0.561672769090601,-0.4180106396941091,"class2"
0.5634162263452402,-0.03222797486699657,"class2"
0.565052526988044,-0.03307380125391057,"class2"
0.5708727219722708,-0.0360883975066839,"class2"
0.5780159308832169,0.20080740444764847,"class1"
0.5813708251300987,-0.04155011396743327,"class2"
0.5849459979932938,-0.043417314037557865,"class2"
0.5849827509320342,0.1976454141789807,"class1"
0.5861749929878568,-0.044060031321957814,"class2"
0.5863742949073918,-0.044164299795297735,"class2"
0.5885384019369242,-0.04529723439587534,"class2"
0.5900231880246456,-0.6673732810143868,"class1"
0.597799362888747,0.1918157916353213,"class1"
0.6052102556648558,0.18843746729535524,"class1"
0.6112654940524939,-0.057278582587236046,"class2"
0.6125916619012514,-0.057982506210730526,"class2"
0.6149884842197645,-0.059256092599240875,"class2"
0.6224722687331714,-0.06324410679530247,"class2"
0.6246559675019174,-0.06441105405713525,"class2"
0.6256174806823852,-0.06492535102567558,"class2"
0.6273938158707852,-0.06587624692685615,"class2"
0.6309654677546576,-0.067791216585205,"class2"
0.6321213226013427,-0.06841180455078377,"class2"
0.632213190624477,-0.06846114750298946,"class2"
0.6326588569974129,-0.06870055620320323,"class2"
0.6384540788121039,-0.0718195015254119,"class2"
0.6433540165917296,-0.07446507896457222,"class2"
0.6454960719961463,-0.07562407999364464,"class2"
0.6455202095162792,0.16996494939880635,"class1"
0.6490385201520072,-0.07754410341793586,"class2"
0.6502886688941274,-0.07822268077291847,"class2"
0.6540472675383052,-0.6892740097243006,"class1"
0.6546017208661215,-0.08056779053333228,"class2"
0.6561595509555135,-0.6899894754575404,"class1"
0.662078821783578,0.16232893920211308,"class1"
0.6640046087366154,0.1614390388375509,"class1"
0.6653897773450952,-0.08646100903988796,"class2"
0.6667204955082978,0.1601833881487908,"class1"
0.6676294681892522,-0.08768948430148768,"class2"
0.6683756936143108,-0.08809917622895763,"class2"
0.6687509864859039,0.15924412467093046,"class1"
0.6700194275980766,-0.08900229998975176,"class2"
0.6717753210573765,0.15784434256607835,"class1"
0.6754143477506185,-0.09197309516087412,"class2"
0.6766031670556698,-0.09262911506512105,"class2"
0.6788343618681983,-0.09386169752014839,"class2"
0.6800308725403688,0.15401854246436403,"class1"
0.6837029593773989,-0.6992769217915645,"class1"
0.6861357041342455,-0.09790765376041863,"class2"
0.6898909585573959,-0.09999610775816435,"class2"
0.6903037719838797,-0.7014910282650263,"class1"
0.695463356117117,-0.7032185515163648,"class1"
0.6987133249883597,-0.70430527724282,"class1"
0.7039869797352758,-0.10788211735788605,"class2"
0.7080755099524779,-0.7074296416140714,"class1"
0.7087021322699526,-0.11053678244402759,"class2"
0.7088406200270748,-0.11061488144213408,"class2"
0.7107064070207846,-0.7083059773985747,"class1"
0.7107828645587024,-0.11171097672358522,"class2"
0.7109937704090439,-0.1118300884761769,"class2"
0.7115884283136258,-0.11216602231639966,"class2"
0.713799918713399,-0.11341654787438907,"class2"
0.7157890402501121,0.13736568156874876,"class1"
0.7175317570608234,-0.11553113791320459,"class2"
0.7176361521392766,-0.7106107547833411,"class1"
0.7192068493396926,-0.7111324537687418,"class1"
0.7206212758638806,-0.1172859440601443,"class2"
0.7209554756749801,-0.11747599353104832,"class2"
0.7225241938916479,-0.7122334381959325,"class1"
0.7259781752073865,-0.7133785365164752,"class1"
0.7259844808766324,-0.713380625882208,"class1"
0.7299728574400102,-0.12262094910231756,"class2"
0.7307584156645612,-0.12307072899565487,"class2"
0.73605604309503,-0.12611062306739693,"class2"
0.7377728287178764,-0.4631199946127977,"class2"
0.7436737756316674,-0.13050252963221726,"class2"
0.7442756404709789,0.12400309531954987,"class1"
0.7475428304234915,-0.13274269436461128,"class2"
0.7488151954628669,-0.46557134948715145,"class2"
0.7493405475738317,0.12161820393345223,"class1"
0.7500652477418508,-0.13420666427320027,"class2"
0.7561164596765104,-0.13773011239233818,"class2"
0.7561654069273208,-0.72333259656514,"class1"
0.7610759886164918,0.11608183217830499,"class1"
0.7615568692156043,-0.7251001494547804,"class1"
0.7639370735017514,-0.4688415005530922,"class2"
0.7676285483479517,-0.14447880027173549,"class2"
0.7678430910713697,0.11288261964942198,"class1"
0.7678644917194429,-0.4696738400964692,"class2"
0.7681699108050951,-0.7272639161184187,"class1"
0.768813432036223,-0.1451768702995989,"class2"
0.7690294700389142,0.11232123874997293,"class1"
0.773235722509383,0.11032966252596547,"class1"
0.7744804136567067,0.10973995911717052,"class1"
0.7781754474809117,0.10798835570611384,"class1"
0.7800382268545784,-0.7311353386825408,"class1"
0.7802180947678675,-0.7311938937644263,"class1"
0.783282346470727,0.10556502768385931,"class1"
0.7844592855527586,-0.15445717791154126,"class2"
0.7865596870992517,-0.7332561172019119,"class1"
0.7878791487413231,-0.15650154799595098,"class2"
0.7881414614967173,-0.15665859764174994,"class2"
0.7882995054144257,-0.15675323699349045,"class2"
0.7886183354959493,0.10302995889741536,"class1"
0.7939839961285832,-0.160165594094942,"class2"
0.7967464762659274,-0.47556733214189606,"class2"
0.7985810219052054,0.09828847180066098,"class1"
0.8006011331420465,0.09732572476106982,"class1"
0.8019487902334049,0.0966832074086618,"class1"
0.8021575148556569,-0.738309688590986,"class1"
0.8038348969093163,-0.7388515576502719,"class1"
0.8056819515510361,-0.7394478802102588,"class1"
0.8074863984304719,0.09404096507865632,"class1"
0.808126187869276,-0.16872771766780117,"class2"
0.8115021973803397,-0.17078746163792624,"class2"
0.8175504602908872,-0.1744933019115241,"class2"
0.8191606315111803,-0.7437880735896305,"class1"
0.8194409930616849,-0.17565585832343553,"class2"
0.8196239311810427,-0.17576846103048505,"class2"
0.820951881374889,-0.1765864168892294,"class2"
0.833590732965488,-0.18442267100163648,"class2"
0.83668976926647,-0.7494023346439039,"class1"
0.8484249205980873,-0.753141651857538,"class1"
0.8581968681771344,-0.7562435465189716,"class1"
0.8607970884263423,-0.20162638671865735,"class2"
0.8618438381160461,-0.20229804652206193,"class2"
0.8640503503221977,-0.48752390922724903,"class2"
0.86592615257406,-0.2049247967923225,"class2"
0.8711366799192486,-0.7603343089928511,"class1"
0.8763481707855767,-0.7619764510559355,"class1"
0.8774571403825113,-0.762325485443563,"class1"
0.8779495663893979,0.060120771979018994,"class1"
0.8783217688408873,-0.762597518431624,"class1"
0.8841475272902117,0.0571101773143183,"class1"
0.8950977095000452,-0.2240539965032935,"class2"
0.8953709482621293,-0.7679439803065303,"class1"
0.8961933366945425,-0.22478552441790584,"class2"
0.9014141702331038,-0.22828528501200532,"class2"
0.9043990604894232,-0.23029672610115873,"class2"
0.9047072430371766,-0.23050484662862228,"class2"
0.9067366260778571,-0.2318774205370735,"class2"
0.9091744955173716,0.04490830872981482,"class1"
0.9107318230141014,-0.7727320782673788,"class1"
0.9114844167726819,-0.2351030476624069,"class2"
0.9132586994127615,-0.7735170781641246,"class1"
0.9171209144953909,-0.2389594721138121,"class2"
0.9182623599988157,-0.23974409762268453,"class2"
0.9184603961412909,-0.23988035447875528,"class2"
0.9211235215789435,-0.4951824284794459,"class2"
0.9212680282432999,-0.24181621396338115,"class2"
0.9239641360037106,-0.7768344862170669,"class1"
0.9243108257198873,-0.24392297934814666,"class2"
0.9250159304160402,-0.7771596862129333,"class1"
0.9350871988541609,-0.2514605052966242,"class2"
0.943634902632721,-0.7828946186360859,"class1"
0.9451039887235818,0.02726216469538345,"class1"
0.949789440331597,-0.26194967608104064,"class2"
0.9502303609258967,-0.7849161684190625,"class1"
0.9508977517676866,0.02440223468370395,"class1"
0.9524664122676718,-0.2638869947111112,"class2"
0.9563357791955319,0.021714219670039704,"class1"
0.957107067531596,0.021332682452300297,"class1"
0.9594398590717993,-0.7877301567184849,"class1"
0.9602737895621539,-0.7879844592952353,"class1"
0.9658922177313434,-0.2737421058733692,"class2"
0.9691679883637987,0.015357042651694122,"class1"
0.9696742391299196,-0.27656257638858717,"class2"
0.9740732047124162,0.012921653618171138,"class1"
0.977672693910269,-0.7932708231387502,"class1"
0.9798235371028998,-0.28423617714460586,"class2"
0.97994184724719,-0.28432656917977817,"class2"
0.9816207092408203,-0.499684872429256,"class2"
0.9886471889200477,-0.2910411115926327,"class2"
0.9923743746923898,-0.49994355560407483,"class2"
0.9969139639005624,-0.4999905920714755,"class2"
0.9976851694598303,-0.7993052161289809,"class1"
0.9980063199782148,-0.4999960566096533,"class2"
1.0052494480293048,-0.30422771021616457,"class2"
1.005791009083291,-0.4999656629335723,"class2"
1.0136015142309946,-0.31107705969106636,"class2"
1.0190167464751858,-0.8056823130355275,"class1"
1.021352898269341,-0.8063772188698036,"class1"
1.026030397836889,-0.3215838702365278,"class2"
1.0311124374511604,-0.015617196651702168,"class1"
1.0349947357049807,-0.3294317315304573,"class2"
1.0399702605716943,-0.02008600233345206,"class1"
1.0404875573823893,-0.3343694418838477,"class2"
1.0408429050843901,-0.4979817691882979,"class2"
1.0441614262568697,-0.3377328706791562,"class2"
1.0563767177000616,-0.34932002948329277,"class2"
1.0569965115905395,-0.34992655938279094,"class2"
1.0572116525743651,-0.028813422715606742,"class1"
1.0675777357751592,-0.034079301944782064,"class1"
1.0691379923565683,-0.3622506242279413,"class2"
1.0714656352467014,-0.8211145405945907,"class1"
1.0729255791537162,-0.821538971578298,"class1"
1.0772679069219386,-0.490738210466781,"class2"
1.0778330097128053,-0.3717106481765577,"class2"
1.0873218555549289,-0.8257090478891117,"class1"
1.0942915175440975,-0.04771526985936539,"class1"
1.0960961034510346,-0.8282370217780064,"class1"
1.097484104247519,-0.3963187587236455,"class2"
1.1046808890620277,-0.4074165094786907,"class2"
1.10478022037509,-0.407583869630592,"class2"
1.1077770096517503,-0.4128915405427264,"class2"
1.1091881207498342,-0.4717478062791783,"class2"
1.1117504272767325,-0.4210265675094339,"class2"
1.1126449065570299,-0.4231296139273915,"class2"
1.1126723444061417,-0.46694152699532093,"class2"
1.11356102402824,-0.4254425720930121,"class2"
1.1137128739331206,-0.42584474791174537,"class2"
1.1139011747757457,-0.8333348462083313,"class1"
1.1144049951026487,-0.8334784669659823,"class1"
1.1147125224587862,-0.058203903316830216,"class1"
1.1147551012395842,-0.46301468407924806,"class2"
1.115206064143266,-0.4301884840466353,"class2"
1.1161362230505194,-0.43343153779662974,"class2"
1.117558609606522,-0.4405034619581632,"class2"
1.1177338904527563,-0.4419130151539651,"class2"
1.1179226289336692,-0.4503249712051049,"class2"
1.1301755817522672,-0.8379563897167254,"class1"
1.1688672956798158,-0.8487948294840485,"class1"
1.1749541859437826,-0.08948291427792036,"class1"
1.1854605096372288,-0.09499119864036272,"class1"
1.1884118473167637,-0.09654144074365248,"class1"
1.1886198234823437,-0.8542451265961271,"class1"
1.1912549312656078,-0.8549679122543463,"class1"
1.2022637406103547,-0.10383457994252111,"class1"
1.2099406136526896,-0.8600636667574416,"class1"
1.2225750622736247,-0.11458055076872457,"class1"
1.2324816482761924,-0.8661408329178203,"class1"
1.234312634934749,-0.8666310646114563,"class1"
1.235808697923499,-0.121615719006742,"class1"
1.241052208909393,-0.8684310670136792,"class1"
1.2416225724871146,-0.12471498175041937,"class1"
1.2474003226365447,-0.12780019398154224,"class1"
1.2570213661853509,-0.872667832416971,"class1"
1.257988310054687,-0.8729230839623884,"class1"
1.2648952261083646,-0.8747420416651022,"class1"
1.2696875313707698,-0.8759996421335395,"class1"
1.271116403287148,-0.1405192266796438,"class1"
1.2934736662392248,-0.8821867183902544,"class1"
1.2945885030850874,-0.15319636834370318,"class1"
1.2948441814302383,-0.15333495476454767,"class1"
1.315540070761606,-0.16458890972969115,"class1"
1.325744481509085,-0.17016439677657622,"class1"
1.3475190756495257,-0.18212152289441294,"class1"
1.3488726428374693,-0.1828675413030253,"class1"
1.3506115728745203,-0.8966628317835913,"class1"
1.3641612531167453,-0.9000125829683268,"class1"
1.372667282237234,-0.19603521277291044,"class1"
1.3786383644940112,-0.903555119154264,"class1"
1.386097356166471,-0.9053653802981271,"class1"
1.3868723261972447,-0.20394498803649921,"class1"
1.3883216663126472,-0.9059032206984543,"class1"
1.3898016149284993,-0.9062605649724828,"class1"
1.3927622877874226,-0.20723561324827788,"class1"
1.394596554449568,-0.20826170890843115,"class1"
1.3954087155306212,-0.9076107364015256,"class1"
1.3955979971497108,-0.20882218551613102,"class1"
1.400319665135929,-0.21146729556016733,"class1"
1.4100343165127387,-0.2169227744754582,"class1"
1.4235620167769272,-0.9142999252328242,"class1"
1.4253755206827958,-0.22557483915696985,"class1"
1.426637774697962,-0.2262887549718073,"class1"
1.4280248118431518,-0.2270736065864249,"class1"
1.4454200991652029,-0.23694900520702544,"class1"
1.4477531368302181,-0.23827808328987066,"class1"
1.4499051837814054,-0.23950503022846095,"class1"
1.4551270805487078,-0.24248610027849998,"class1"
1.4599689032889134,-0.2452551712829989,"class1"
1.4600147149096685,-0.9227303776822691,"class1"
1.4614820843067169,-0.9230641097418193,"class1"
1.462520949864086,-0.9233001162448619,"class1"
1.4644716526909887,-0.2478346536455308,"class1"
1.4683200044406863,-0.25004258172024524,"class1"
1.4742181843330113,-0.2534325640274888,"class1"
1.481578949309618,-0.9275897154341242,"class1"
1.4838562203197516,-0.25898781591910425,"class1"
1.4857295484390793,-0.26006987462065256,"class1"
1.4998646064255932,-0.9316328132152597,"class1"
1.50047903857401,-0.26861582289944874,"class1"
1.5091141044065866,-0.9336501641486835,"class1"
1.5143338663575756,-0.9347802265872158,"class1"
1.5160820769213115,-0.9351573437600545,"class1"
1.5245721896794335,-0.28267877952723264,"class1"
1.5312985058053503,-0.9384104814340607,"class1"
1.546673462695506,-0.9416431425132914,"class1"
1.5490490459410586,-0.2971015845693759,"class1"
1.555427986498118,-0.9434588401020527,"class1"
1.5565990710432072,-0.30157892811109926,"class1"
1.5702326054918259,-0.30969897412068387,"class1"
1.5768404855121778,-0.9478212984434474,"class1"
1.5771217305055751,-0.31381954230165066,"class1"
1.5790561244729027,-0.948266208973808,"class1"
1.5790675871881883,-0.9482685075279697,"class1"
1.5800868405282313,-0.3155967121756523,"class1"
1.5806433237462993,-0.9485841657357414,"class1"
1.5811798118854254,-0.9486914941983127,"class1"
1.5842420009938802,-0.31809088902788785,"class1"
1.5871762392785371,-0.9498861515426539,"class1"
1.5876165031713712,-0.9499735031907505,"class1"
1.5909710543268627,-0.3221394055480959,"class1"
1.595132460137633,-0.9514570321855943,"class1"
1.5976623246155928,-0.9519530949470538,"class1"
1.6156576697914764,-0.3370931926671428,"class1"
1.6178361867125768,-0.3384206218722159,"class1"
1.6213507887179652,-0.34056488660211204,"class1"
1.624120997657459,-0.34225737870174155,"class1"
1.627127111078474,-0.9576052976602494,"class1"
1.636631212430376,-0.3499271480210739,"class1"
1.638292662577449,-0.3509490541136105,"class1"
1.6384878179275513,-0.9597211149211968,"class1"
1.645007061831952,-0.960918771260725,"class1"
1.6477707651816875,-0.9614228115409079,"class1"
1.6500376734124362,-0.9618345966536955,"class1"
1.6511783889342388,-0.35890146795780437,"class1"
1.6522823919463456,-0.9622408776397863,"class1"
1.6642023536376813,-0.36698842222187844,"class1"
1.6709313787568778,-0.96555857590401,"class1"
1.6763779683571343,-0.3745946427484281,"class1"
1.6835248382236738,-0.9677392827276041,"class1"
1.68902865496359,-0.3825461311998321,"class1"
1.7025931973725057,-0.9709459821133514,"class1"
1.7098131814474309,-0.39572125563620913,"class1"
1.7098803635471351,-0.972140218895597,"class1"
1.7118995527883074,-0.9724680011285575,"class1"
1.712238888728516,-0.9725229525123257,"class1"
1.7135088059307608,-0.3980787881778575,"class1"
1.7165372285853189,-0.40001412780076706,"class1"
1.7173500484723085,-0.40053409689344427,"class1"
1.7201757607468782,-0.4023434870667037,"class1"
1.723818713645907,-0.4046802251602045,"class1"
1.72983061538721,-0.40854656958889335,"class1"
1.7323338430350534,-0.41016016815141654,"class1"
1.735892668516959,-0.9762561020549406,"class1"
1.7388580188314988,-0.9767102603923109,"class1"
1.7497681091163588,-0.9783537601856708,"class1"
1.7576111023512215,-0.4265808293825315,"class1"
1.7582587845423343,-0.4270046867054373,"class1"
1.7598250886104805,-0.4280303683550771,"class1"
1.7603635626502752,-0.42838319941684083,"class1"
1.7617325101594705,-0.429280690421336,"class1"
1.762846614974926,-0.9802656575371061,"class1"
1.7695623849421915,-0.4344278826101406,"class1"
1.7698288392650312,-0.9812596081541818,"class1"
1.7753888480606763,-0.9820374575772044,"class1"
1.7835932440604882,-0.44371187132984075,"class1"
1.7843676941691082,-0.9832675356670776,"class1"
1.803095707170998,-0.4567504101194569,"class1"
1.8052966674444355,-0.4582320290050253,"class1"
1.8077885396963087,-0.45991202716609175,"class1"
1.8116339587038262,-0.9867972387296484,"class1"
1.8125488679739068,-0.9869101045761557,"class1"
1.8139083566508931,-0.9870771261343496,"class1"
1.824983747326049,-0.4715803164496667,"class1"
1.8254060728946668,-0.47186859113308766,"class1"
1.82702066331693,-0.47297145679758124,"class1"
1.8287104763445114,-0.9888413737449442,"class1"
1.8292182420625824,-0.4744744959845246,"class1"
1.8316087403078842,-0.47611206160272174,"class1"
1.8355618557721938,-0.4788260208058801,"class1"
1.8404660979675689,-0.4822034049322151,"class1"
1.844443474931945,-0.4849511043313541,"class1"
1.853037838780608,-0.49091525392639085,"class1"
1.8673501347036099,-0.9929484662922726,"class1"
1.86958357307461,-0.9931623727558434,"class1"
1.874233850800332,-0.5057880280811382,"class1"
1.8752752834941209,-0.9936952205873978,"class1"
1.8842720239205941,-0.5129168711757586,"class1"
1.8858832060334612,-0.9946401553965711,"class1"
1.8902437506247498,-0.5171850842289588,"class1"
1.895160736406869,-0.5207151186061604,"class1"
1.9016178151564809,-0.5253728448434593,"class1"
1.9141498802101051,-0.9968335004057859,"class1"
1.9164839691092197,-0.5361948727039234,"class1"
1.923801429522127,-0.5415742570969326,"class1"
1.9387348288446677,-0.5526659922282162,"class1"
1.943525453880921,-0.5562578530439884,"class1"
1.94530426348106,-0.5575958499937963,"class1"
1.9619523916057247,-0.9993263190319324,"class1"
1.9662493495832334,-0.5735336866451376,"class1"
1.9708517744263552,-0.5770832097152316,"class1"
1.9734964762224547,-0.5791309840121351,"class1"
1.9741490263496773,-0.5796371715708291,"class1"
1.977553835802741,-0.999758768805207,"class1"
1.978884902639553,-0.9997859991388448,"class1"
1.9791938710923076,-0.5835630010712337,"class1"
1.9833475774406155,-0.5868122881984218,"class1"
1.9862023629219423,-0.5890545424330729,"class1"
1.989987226740641,-0.5920389309981794,"class1"
1.9941006262500212,-0.9999828008831916,"class1"
1.99717084047977,-0.5977406519773941,"class1"
2.0009482545259676,-0.600759054068883,"class1"
2.0017233107966406,-0.601380138678522,"class1"
2.0079132034365075,-0.6063623781983194,"class1"
2.0107033826579164,-0.9999414570157111,"class1"
2.0267468983628762,-0.6217758110327275,"class1"
2.0327177502753617,-0.999426419387153,"class1"
2.034915983861504,-0.6285892710483274,"class1"
2.0426527462858903,-0.6351193761864952,"class1"
2.0452880079776534,-0.998868843754432,"class1"
2.0496031803049446,-0.6410534869369877,"class1"
2.050642111286491,-0.6419462243689101,"class1"
2.055526374257354,-0.646163814461141,"class1"
2.0602797217620115,-0.9979218387187493,"class1"
2.061020581746212,-0.6509499770150491,"class1"
2.06168105703784,-0.6515284111888212,"class1"
2.0620683617855233,-0.9977867701669052,"class1"
2.0660877751026985,-0.6554051354084227,"class1"
2.066470989207018,-0.9974330796230186,"class1"
2.069854567770553,-0.6587434738917227,"class1"
2.0732124649915775,-0.6617391624135235,"class1"
2.076522939293632,-0.6647113176737353,"class1"
2.0809118607362933,-0.6686814124800632,"class1"
2.0818461371910097,-0.6695310210919255,"class1"
2.082176459736118,-0.6698317921274854,"class1"
2.0890580591882544,-0.6761445197251376,"class1"
2.089304238765234,-0.6763720424939048,"class1"
2.093989750078632,-0.6807256445251108,"class1"
2.0966702285158867,-0.9940996136732541,"class1"
2.098064703848123,-0.9939028996727375,"class1"
2.1037966785423827,-0.9930494650338333,"class1"
2.1058935558411527,-0.6919962130480667,"class1"
2.106139660602532,-0.992679128755808,"class1"
2.1071759671515746,-0.6932295577452005,"class1"
2.109527404472111,-0.9921206553063161,"class1"
2.113824948698694,-0.9913715491719303,"class1"
2.1150101024599928,-0.7008513949189428,"class1"
2.1221259463850455,-0.7079133049815369,"class1"
2.1236783587882835,-0.709472739463087,"class1"
2.1246660489971765,-0.9892642933615257,"class1"
2.1252629239670076,-0.9891386193765864,"class1"
2.12618720046067,-0.7120078460429657,"class1"
2.126626738956498,-0.7124539209233833,"class1"
2.130220692939328,-0.7161236053858744,"class1"
2.130990166248873,-0.7169145679323128,"class1"
2.131208957602311,-0.7171398164263263,"class1"
2.131676315519481,-0.98771956705641,"class1"
2.1351100095797495,-0.7211823845444076,"class1"
2.1354442583830475,-0.9868242742608568,"class1"
2.135931826599565,-0.986704923566422,"class1"
2.1368073975551543,-0.7229573875318474,"class1"
2.137265082441311,-0.986374351194586,"class1"
2.137440202158032,-0.723621692706801,"class1"
2.1387237231850613,-0.724973461770054,"class1"
2.139870878267195,-0.7261866274675294,"class1"
2.146557112147107,-0.9838893710006135,"class1"
2.147357409381028,-0.7342262998495633,"class1"
2.1476674606297346,-0.9835699124989402,"class1"
2.1495226103384426,-0.7365933718134186,"class1"
2.149672693661141,-0.7367581827186783,"class1"
2.1498354582922663,-0.9829313381245334,"class1"
2.151379039214085,-0.7386388223241036,"class1"
2.155781243689571,-0.7435510172970687,"class1"
2.155999406894621,-0.7437968020072767,"class1"
2.159867269015631,-0.7481931378646219,"class1"
2.1602810616063595,-0.7486679384398842,"class1"
2.1619200588703817,-0.9789786463559959,"class1"
2.1634547974170046,-0.9784240950840984,"class1"
2.1636281235729635,-0.9783606543313697,"class1"
2.1677402617036012,-0.9768052032629533,"class1"
2.168830879788276,-0.976375838606396,"class1"
2.1709490014468775,-0.9755207099843957,"class1"
2.174368431196337,-0.9740779864740023,"class1"
2.1761361997751427,-0.7676087235507012,"class1"
2.1778548648037455,-0.7697618319245887,"class1"
2.185001054530848,-0.969031025661643,"class1"
2.186284477542556,-0.7806713308496815,"class1"
2.1870101370896986,-0.7816404009215127,"class1"
2.18737769556875,-0.7821332314676559,"class1"
2.188177099233198,-0.7832097768292462,"class1"
2.188875280949106,-0.7841553631978708,"class1"
2.190222624832558,-0.9661834123918543,"class1"
2.190440572468904,-0.9660583959579013,"class1"
2.1915775801707085,-0.7878644369791169,"class1"
2.192541293068992,-0.9648260106066963,"class1"
2.1940749591675437,-0.791366416953383,"class1"
2.1959114591499556,-0.7939909234160615,"class1"
2.1960066760961534,-0.7941281954080883,"class1"
2.1973000903005175,-0.9618350077876534,"class1"
2.1982468897045018,-0.7973937836506877,"class1"
2.198678184021314,-0.798030683456258,"class1"
2.200996206762053,-0.959294793852822,"class1"
2.2010084763493545,-0.801520772165783,"class1"
2.203603930377573,-0.8055127323009399,"class1"
2.204264255706719,-0.806547444981523,"class1"
2.2044083828715184,-0.9567523340793486,"class1"
2.204570550717089,-0.956626264889873,"class1"
2.2060466544590938,-0.9554551344120001,"class1"
2.2063732817279926,-0.9551900565411462,"class1"
2.206861059539109,-0.8106988094064596,"class1"
2.2083260684969015,-0.9535574806466424,"class1"
2.2089642785666173,-0.9530052521962785,"class1"
2.2094525519292434,-0.9525762010602473,"class1"
2.2100352889608725,-0.9520564616778324,"class1"
2.2142915913383456,-0.8234550115876084,"class1"
2.215040882199421,-0.9472025899548531,"class1"
2.2171764943353125,-0.9448803875861745,"class1"
2.21748122186982,-0.8294504934211312,"class1"
2.218090629096392,-0.9438309372953463,"class1"
2.219229297930039,-0.9424717605042189,"class1"
2.220177544039194,-0.9412919431785015,"class1"
2.220824455054827,-0.8361996602762721,"class1"
2.2208718875633187,-0.8362995248558266,"class1"
2.221012164301507,-0.9402141181856735,"class1"
2.221566225305904,-0.8377763154598982,"class1"
2.2228184311199395,-0.8405153483084721,"class1"
2.222919514226325,-0.8407410224928822,"class1"
2.224137663678974,-0.9357903677918895,"class1"
2.2251356399375952,-0.8458857677149637,"class1"
2.225819532673803,-0.8475598774318157,"class1"
2.225994563688792,-0.8479958432445207,"class1"
2.2262222186867286,-0.848567707612699,"class1"
2.226239759090722,-0.9323798074866626,"class1"
2.2264629021515394,-0.9319918971932203,"class1"
2.2268859419245564,-0.8502678349768847,"class1"
2.228316056637853,-0.9285326327442818,"class1"
2.2297456329729974,-0.8582920560000813,"class1"
2.2306053974641853,-0.9234828765213805,"class1"
2.2307383140985015,-0.9231540838859517,"class1"
2.2317171293099785,-0.9205713669569512,"class1"
2.232049082655271,-0.9196202991864899,"class1"
2.2320803411649113,-0.9195284662400244,"class1"
2.232633364431404,-0.9178309647281512,"class1"
2.2334132012354333,-0.9151510304673035,"class1"
2.2337972758814026,-0.9136680842957521,"class1"
2.234001439074072,-0.8743781197875926,"class1"
2.2341298095279547,-0.875035808020198,"class1"
2.2342065799465525,-0.9119264891623734,"class1"
2.2342443126049063,-0.9117557997927568,"class1"
2.2343607946321935,-0.8762722379416655,"class1"
2.2345720217403366,-0.8774729172128718,"class1"
2.2347257505429567,-0.9093832920008468,"class1"
2.235252394896508,-0.9061785920140372,"class1"
2.2353181044994175,-0.882546271724457,"class1"
2.2354034775881444,-0.9050633035038651,"class1"
2.2354362828652397,-0.9048039538644784,"class1"
2.2356383272151903,-0.8854888723389436,"class1"
2.2357101749489665,-0.8862840359055074,"class1"
2.2359012827407847,-0.8888999129896819,"class1"
2.2360651721339977,-0.8951344746512692,"class1"
