-10.555138678854336,6.752519772584096,"class1"
-10.369384404478522,7.147653046606469,"class1"
-10.118949584398807,5.849645864797678,"class1"
-10.089100176298135,6.693351753093411,"class1"
-9.913646315864689,7.0345532670694775,"class1"
-9.911407635239085,6.572076789641984,"class1"
-9.702662822991632,6.039628791268015,"class1"
-9.584440541816726,5.36225647450814,"class1"
-9.459196142063751,6.390601577795291,"class1"
-9.192737581596713,5.664495771433382,"class1"
-9.13302155295477,5.807651689575901,"class1"
-8.991335009464116,6.641157112251149,"class1"
-8.943870499298058,5.9972581868206145,"class1"
-8.742657879003527,6.20492700506245,"class1"
-8.641883368972788,5.756184505981517,"class1"
-8.633266522914255,5.2425422570781715,"class1"
-8.580812759333163,5.412516476950531,"class1"
-8.480087223852493,5.754490459238756,"class1"
-8.436424577455263,6.566093549468193,"class1"
-8.406671413579044,6.0017739015992975,"class1"
-8.389123080497711,5.827488073988752,"class1"
-8.376428522286293,5.920970777843119,"class1"
-8.33454703475229,5.891503354036015,"class1"
-8.330248978829975,5.911135338256431,"class1"
-8.328898091566217,5.589174081243735,"class1"
-8.296517720508318,5.122121795131496,"class1"
-8.226121319076444,4.70682127897345,"class1"
-8.168921894800992,5.628845115235837,"class1"
-8.129626605467553,5.475224752235287,"class1"
-8.114653316592518,5.763817177903617,"class1"
-8.102087759016936,5.680165703990336,"class1"
-8.05602163762933,5.199768446605368,"class1"
-8.055654210737096,5.591517588475236,"class1"
-8.053317621587823,5.067192394885338,"class1"
-8.048447615563573,5.245641402974802,"class1"
-7.927796326036359,5.417343263244118,"class1"
-7.913001848507182,5.534130179034593,"class1"
-7.882314838546055,5.753104288802709,"class1"
-7.820397162634184,5.672189348830301,"class1"
-7.808457747522955,5.209162635205005,"class1"
-7.798239459645652,5.633989228623406,"class1"
-7.750896576120933,5.827520720443664,"class1"
-7.642962720263313,4.854952124854713,"class1"
-7.589240516117537,5.091584552771881,"class1"
-7.57962139457384,5.68241878758263,"class1"
-7.574270750276621,6.012525755199729,"class1"
-7.507177008629562,5.99152610768437,"class1"
-7.503121932292416,5.286423460954271,"class1"
-7.456655419387861,5.319545396212854,"class1"
-7.455691753797697,6.198735539383487,"class1"
-7.443057739209214,4.993925984653769,"class1"
-7.426396560032625,5.656166474415501,"class1"
-7.41320357079864,5.624280799350883,"class1"
-7.40571757599306,5.190328496011209,"class1"
-7.389678840761798,5.170087314742091,"class1"
-7.389433667043599,5.081878329513675,"class1"
-7.380793056757476,4.651822295251449,"class1"
-7.3724164102500405,4.80561071127693,"class1"
-7.370647778675897,4.190789309405107,"class1"
-7.363613762434369,5.208301012732119,"class1"
-7.356114027716663,5.425579545541855,"class1"
-7.344396816289774,4.719850580437898,"class1"
-7.337403550583316,5.279955297688452,"class1"
-7.292077269807162,5.485925788944284,"class1"
-7.275738904967167,4.94825731091283,"class1"
-7.256429009289725,5.602901956374251,"class1"
-7.239685068485323,5.781074767369921,"class1"
-7.239545453926814,5.589268665076779,"class1"
-7.216009844884177,5.87207041585241,"class1"
-7.200131250097026,4.649583764021401,"class1"
-7.187888032831101,5.49947490282986,"class1"
-7.187183745349124,5.5424835193492505,"class1"
-7.183089366344062,5.61832228914405,"class1"
-7.182632105275884,4.383322292311656,"class1"
-7.173048677452042,5.457017118329547,"class1"
-7.16452954548092,4.703891817598704,"class1"
-7.1263441292202225,5.6258477184034605,"class1"
-7.120358511341289,4.485770166212627,"class1"
-7.116294946343834,5.123818446215045,"class1"
-7.087411572904257,4.761229915214028,"class1"
-7.085036393899771,5.621478385091917,"class1"
-7.074803745996855,6.225375620205639,"class1"
-7.072940707497481,5.829286755201721,"class1"
-7.0700703515199,4.823579882014707,"class1"
-7.066278192730802,4.951297712766348,"class1"
-7.064199674968851,4.763115598480488,"class1"
-7.056769964871586,5.048700612784717,"class1"
-7.048753366274167,5.224289143722849,"class1"
-7.014959425006857,5.694348515613041,"class1"
-7.0088502375565325,4.744102585193442,"class1"
-7.006357159440467,5.620186590035085,"class1"
-6.966165631520905,4.560672916642433,"class1"
-6.937419746289265,4.905215543353514,"class1"
-6.928838592851651,5.07706128589509,"class1"
-6.910043292952305,4.704876155593757,"class1"
-6.874677532285844,5.064869694050319,"class1"
-6.844301850547934,5.2280309175534505,"class1"
-6.841865595795845,5.365634105570134,"class1"
-6.830975013733106,4.805243241477178,"class1"
-6.819318795141938,4.747845862238497,"class1"
-6.809920715019826,5.400593691571529,"class1"
-6.7927293142755785,4.489386930951963,"class1"
-6.771145456231686,4.322330022220208,"class1"
-6.767601924566279,5.204432322042987,"class1"
-6.766781276481728,5.122994740626478,"class1"
-6.7610392626637275,4.846189250131535,"class1"
-6.745179408686763,4.61992417812429,"class1"
-6.741830721187042,5.343905519564913,"class1"
-6.73565940813341,5.68290954275241,"class1"
-6.70907227920436,4.522545594099022,"class1"
-6.70146475210038,5.312935111087382,"class1"
-6.662478775565565,5.62162624672525,"class1"
-6.639335099534328,5.814311119330973,"class1"
-6.632419749717009,4.805865531362509,"class1"
-6.626286842563861,5.56608023285423,"class1"
-6.621770171345078,5.186831470203764,"class1"
-6.6151660118938675,5.147179915090202,"class1"
-6.607332879977998,5.042915655612471,"class1"
-6.602950612053697,5.2948078631112185,"class1"
-6.5760931870987855,4.538203450470387,"class1"
-6.545814224977775,5.3945687104662285,"class1"
-6.5298512833842945,4.851841731254392,"class1"
-6.490385515024086,5.395990426234501,"class1"
-6.461184536329663,4.889824832552515,"class1"
-6.446088797163288,4.4710464830518,"class1"
-6.402515141976086,4.905451726596423,"class1"
-6.401412157285374,5.288011241818038,"class1"
-6.396335007662676,5.283868632674368,"class1"
-6.3893465871500075,5.879483595901354,"class1"
-6.386075332050719,4.483971978020681,"class1"
-6.364578182821505,4.653311985491028,"class1"
-6.357522403738723,5.079592709131063,"class1"
-6.355631665840931,5.159101473647866,"class1"
-6.335370597134775,4.724067861087943,"class1"
-6.305158875687251,4.797812833875816,"class1"
-6.29280880053097,4.562631156918352,"class1"
-6.286243722019961,4.681348034185184,"class1"
-6.276948145990739,4.752757440822571,"class1"
-6.273459000059971,5.338007371910485,"class1"
-6.26967047298716,5.026438365253364,"class1"
-6.269183930116539,5.141789200357735,"class1"
-6.245353211068516,4.09251881779737,"class1"
-6.242349439579586,5.095607800514138,"class1"
-6.238844628950096,4.842315560251775,"class1"
-6.216086176654347,4.5298157341935505,"class1"
-6.21528143106244,4.491819178776284,"class1"
-6.213394725684304,4.556051163876837,"class1"
-6.188813907166036,4.608530162097641,"class1"
-6.188776474838099,4.923196443110692,"class1"
-6.187896695033603,4.785874709191994,"class1"
-6.187820260428488,5.174320103176697,"class1"
-6.187348591375448,5.138461593221129,"class1"
-6.181096799064033,4.970500516681829,"class1"
-6.167870060107502,4.312415012039743,"class1"
-6.14688789953089,4.1749250570009675,"class1"
-6.1455248533778155,5.207110179345592,"class1"
-6.141210322816557,5.497469864188116,"class1"
-6.134809134651731,4.922078778142109,"class1"
-6.117413004510555,4.8189897796231635,"class1"
-6.11384009520633,4.593926788139319,"class1"
-6.104104466564847,5.552091045289,"class1"
-6.086774629127777,4.683357933949152,"class1"
-6.082861039941054,4.813115080438521,"class1"
-6.053315595997877,4.522781002093597,"class1"
-6.0519723861542545,5.410498090379943,"class1"
-6.050807238075949,4.20358862996062,"class1"
-6.047101882828936,4.64533432838185,"class1"
-6.039598153760056,5.04064355394779,"class1"
-6.022082789816938,5.350536788891531,"class1"
-6.018065461455816,4.631834083710051,"class1"
-6.0177304282511965,4.544616390442213,"class1"
-6.013513129801827,4.732353817254235,"class1"
-6.005103037468752,4.742235286489643,"class1"
-5.993981235143662,4.1284210338462115,"class1"
-5.99388318136714,5.195914300164061,"class1"
-5.985230141768678,5.059280611035902,"class1"
-5.98469936231457,3.8348730099143222,"class1"
-5.967443560903537,5.415269179657871,"class1"
-5.965038174953908,4.896584377009627,"class1"
-5.954366736556361,4.506413853333062,"class1"
-5.948877766805212,4.607893258575949,"class1"
-5.948220296252859,4.362104771348722,"class1"
-5.9480145570469585,4.306166177893395,"class1"
-5.938654669722533,5.44593904885922,"class1"
-5.931511920742469,4.466721771237868,"class1"
-5.924209883396882,5.161219840696999,"class1"
-5.92208979946369,4.033227228702574,"class1"
-5.917246014533646,4.908258523457756,"class1"
-5.91376846118762,4.222666360807282,"class1"
-5.911464812177334,4.5284529619331675,"class1"
-5.857120657955908,4.951657641337191,"class1"
-5.829975258543852,4.774569267682198,"class1"
-5.826587061257818,4.3086940659954305,"class1"
-5.826163179460822,4.926116526353945,"class1"
-5.807667759260242,4.336214457590654,"class1"
-5.796826091392381,4.106500169066483,"class1"
-5.79380514139384,4.618487517500689,"class1"
-5.788313596296493,4.930124274551729,"class1"
-5.779652908543567,5.403307130511909,"class1"
-5.766493230305163,5.089276107394898,"class1"
-5.763045724873237,4.7217883957068745,"class1"
-5.751001745320372,4.144869437325004,"class1"
-5.745121190834564,4.312601951189183,"class1"
-5.740034385511965,4.223573266281,"class1"
-5.733516373520173,5.584257982957499,"class1"
-5.721016827058476,3.7701532710745145,"class1"
-5.717630972237514,4.29637347597002,"class1"
-5.714994692797198,5.111910889942098,"class1"
-5.7140191818083315,5.187193276030139,"class1"
-5.710571702309641,4.416034915524933,"class1"
-5.7058132755417565,4.9542841226194225,"class1"
-5.678792166597734,4.293065652627925,"class1"
-5.663267050098914,4.65337449006584,"class1"
-5.660094434976161,5.513626965750055,"class1"
-5.656723204751198,5.477846133013749,"class1"
-5.627801178593257,5.534643337604703,"class1"
-5.627389592392919,4.672238702379705,"class1"
-5.6147137934054285,3.912281898526361,"class1"
-5.611875316905805,4.896846982742436,"class1"
-5.609274658850758,5.56966358771782,"class1"
-5.602074909114169,4.830343324043255,"class1"
-5.6010477952877125,4.698347410575124,"class1"
-5.596891752233291,4.8375524883024905,"class1"
-5.581929377915622,4.1265172504721646,"class1"
-5.580752982148586,5.451816438745519,"class1"
-5.579367022507957,5.015547996079386,"class1"
-5.5775618980809005,5.57982333712698,"class1"
-5.5718015059927115,4.127045487386887,"class1"
-5.570775315977254,4.662628520510651,"class1"
-5.565553458199373,4.465470464390208,"class1"
-5.562733878614361,4.824677405404436,"class1"
-5.555206643710246,3.2080606974193415,"class1"
-5.551485009665653,4.163728491959627,"class1"
-5.5494533626605556,3.292259510983559,"class1"
-5.544690340158178,4.613714198670266,"class1"
-5.540457752543178,4.378820103463199,"class1"
-5.536884584223143,4.434633023190744,"class1"
-5.535430699373256,5.177605472003654,"class1"
-5.533236335810592,4.413743691567577,"class1"
-5.527918893788943,4.625164406876465,"class1"
-5.504146712662422,4.88878433117421,"class1"
-5.5031469088996925,4.880448904514517,"class1"
-5.5005498337164624,4.5776983433348075,"class1"
-5.491829418074627,4.607958223832539,"class1"
-5.4758268942692006,4.338052580108481,"class1"
-5.472714251740705,4.43638145237234,"class1"
-5.465131812576932,4.609950286290277,"class1"
-5.427100714594317,4.55849988557843,"class1"
-5.416449901625478,5.016528808177778,"class1"
-5.414015069744753,4.091059983182142,"class1"
-5.407910903337685,5.345460654148139,"class1"
-5.406070522623725,4.901941941002157,"class1"
-5.398365382453114,4.222070415609913,"class1"
-5.389486033787046,4.286860062369277,"class1"
-5.3865665364258675,4.111989116576922,"class1"
-5.3841081597576625,3.6818867604082337,"class1"
-5.380314993117909,4.572329307672287,"class1"
-5.379428526229551,4.741667650183209,"class1"
-5.37017573257828,4.588154609686842,"class1"
-5.366334727493317,4.080867678642333,"class1"
-5.362813267790925,4.5198548635021485,"class1"
-5.3544725236182895,4.865058534571148,"class1"
-5.354356833249248,4.964030366583225,"class1"
-5.339507189639738,4.097871098606314,"class1"
-5.334157675611412,4.834586500165493,"class1"
-5.314548342159504,4.7015075471725565,"class1"
-5.313188770071822,3.8818457519100686,"class1"
-5.31257392227214,4.334248952543401,"class1"
-5.2890113227637565,5.074011837013222,"class1"
-5.286060188371112,4.982976150229364,"class1"
-5.285838202149655,4.742991949409334,"class1"
-5.281383179180866,4.934781796898015,"class1"
-5.271282297475654,3.9098234587045813,"class1"
-5.247689784663236,5.05955814449341,"class1"
-5.24559609287091,4.064729187889728,"class1"
-5.240807890986181,4.5024154666630665,"class1"
-5.235280911764593,4.550079403282819,"class1"
-5.235167201634866,5.8124330140392715,"class1"
-5.235097226079034,4.505795549686853,"class1"
-5.234693526286345,4.765536754644824,"class1"
-5.227285968168337,4.1154549849131445,"class1"
-5.227176665815876,4.435356006532706,"class1"
-5.220594253173706,4.692130574785835,"class1"
-5.209726775850351,4.645256708960308,"class1"
-5.206477691825348,3.961068832222834,"class1"
-5.195221955231424,4.7778829310499225,"class1"
-5.192436401460738,3.789675877250707,"class1"
-5.190407579485675,3.781728628449338,"class1"
-5.188241948256861,4.384950916275605,"class1"
-5.180324724058655,4.609534497021286,"class1"
-5.167298108190281,4.72103937896273,"class1"
-5.16565018805125,4.551216993445195,"class1"
-5.158649997344471,4.502577477050419,"class1"
-5.149730746117102,4.887309720982841,"class1"
-5.149139030259655,3.7625405860972965,"class1"
-5.147197935968416,4.319613461412447,"class1"
-5.14038462875314,4.957977199012407,"class1"
-5.135190694100744,4.953374334542062,"class1"
-5.134794385591813,4.9998289186987925,"class1"
-5.13476244583126,4.872655920588384,"class1"
-5.128669779355559,5.125913981661467,"class1"
-5.124173957932927,4.253042368280387,"class1"
-5.093153089202869,4.7503062793925315,"class1"
-5.079266961250067,4.6583407376291825,"class1"
-5.077226156933783,4.692318373431166,"class1"
-5.076665894992629,4.2259181970129935,"class1"
-5.0715767411865205,3.7475171292744918,"class1"
-5.068897093006759,4.581403355513869,"class1"
-5.0556693795486725,5.006379647444893,"class1"
-5.047432834380257,4.570376411606509,"class1"
-5.045814311912968,4.255430569936938,"class1"
-5.030786219956406,3.926272508169869,"class1"
-5.0290242099749936,5.4247632273040685,"class1"
-5.016260437218788,4.327966421412378,"class1"
-4.9993660889094835,4.09178772752828,"class1"
-4.991001354935465,4.0318319160038145,"class1"
-4.9902071830467705,4.6272663650984365,"class1"
-4.98374186996052,4.069032368537834,"class1"
-4.981995315239142,4.651456949867933,"class1"
-4.980873991925317,4.155311285125929,"class1"
-4.979403450182016,4.389785820028992,"class1"
-4.978605507125634,4.011863461814051,"class1"
-4.974658148994665,4.217488442567558,"class1"
-4.945534517828627,4.378771476190089,"class1"
-4.934921851810443,4.565810812980831,"class1"
-4.930875549780565,4.741974178832946,"class1"
-4.9270581524385415,4.68166955402296,"class1"
-4.9261064405243715,4.777887009982573,"class1"
-4.923316804082913,3.9398535558989978,"class1"
-4.9105701396263814,4.275970263115897,"class1"
-4.910426826371996,4.369245893992472,"class1"
-4.907369971727758,4.915553277715647,"class1"
-4.9068700430924,5.123818534086505,"class1"
-4.897791023533913,4.185850459553326,"class1"
-4.889114457981555,4.00969536793835,"class1"
-4.888437515515392,4.487368200952222,"class1"
-4.882765767402382,4.565657224320868,"class1"
-4.857793223259907,3.549561340511954,"class1"
-4.852494904592716,4.0426130389000345,"class1"
-4.827805383612805,3.3475918188634504,"class1"
-4.8155787462777635,4.9131143027161555,"class1"
-4.815337149012817,4.2579920945564576,"class1"
-4.814691135825255,4.059926744752337,"class1"
-4.810721372947558,4.46318667797915,"class1"
-4.791976923264737,3.716944310845324,"class1"
-4.791151561615849,4.384049818202934,"class1"
-4.781676002968517,4.564846440019126,"class1"
-4.780852004145504,3.6599804603435233,"class1"
-4.773059034615557,2.9772803663612826,"class1"
-4.770469454405985,4.579764750960504,"class1"
-4.7656062987502175,4.075663096478941,"class1"
-4.762329326811466,4.398794289314356,"class1"
-4.754624407999971,4.0203904040483165,"class1"
-4.748856584421899,4.363223637349527,"class1"
-4.7455255336140425,4.272267131732041,"class1"
-4.739763406914864,4.5212073579079,"class1"
-4.738094063401072,4.700914903424086,"class1"
-4.737865963998015,4.330479935372925,"class1"
-4.7347546480656835,4.710616859634974,"class1"
-4.732860964390298,4.154654252057202,"class1"
-4.720907629933881,5.028007650220246,"class1"
-4.70560586205348,4.559495655233257,"class1"
-4.699578037500945,4.5788307044362115,"class1"
-4.692249386449095,4.04423979706158,"class1"
-4.691989942761159,3.761832807591902,"class1"
-4.686106202392261,4.1979051390746545,"class1"
-4.683748385009891,4.808310169966949,"class1"
-4.680018985368784,3.957209285554599,"class1"
-4.669383747662878,4.526039812729655,"class1"
-4.668887730744,4.190722024186642,"class1"
-4.654854785790011,3.838399956767178,"class1"
-4.652676522033749,3.904758359695045,"class1"
-4.645164980643881,4.176378336796327,"class1"
-4.640564354905851,4.810562727015048,"class1"
-4.638105300190864,3.5984246554622703,"class1"
-4.632638738439866,4.122278898778847,"class1"
-4.629900475265858,2.8866589596116086,"class1"
-4.628634490581571,4.379422343810462,"class1"
-4.617888193127998,4.629724182570479,"class1"
-4.613880235824922,4.479925799126619,"class1"
-4.612667085802396,4.836763183685639,"class1"
-4.611310844611361,4.631568304628684,"class1"
-4.609060073565416,3.776817054700885,"class1"
-4.602902262144337,4.253299667065571,"class1"
-4.592712755347778,3.6489196604034038,"class1"
-4.5745690592486765,4.221612171399052,"class1"
-4.570575086230503,4.233966245723688,"class1"
-4.557599933464514,5.363866275069744,"class1"
-4.556717465210581,4.3443327137712435,"class1"
-4.556283816950985,4.354010129451708,"class1"
-4.5429194880027115,4.511227901233851,"class1"
-4.5229209667299,3.916739068922542,"class1"
-4.521490942334534,4.591820588184535,"class1"
-4.51528971905177,4.502908107806678,"class1"
-4.50876201952674,4.050180240967697,"class1"
-4.494746282633692,3.821268991413466,"class1"
-4.49184501110038,4.5436529418006835,"class1"
-4.490960055699821,3.7917789584349144,"class1"
-4.4897605254587125,4.509370968312567,"class1"
-4.483718229683425,4.422683293579588,"class1"
-4.481057164404957,4.2292863168902,"class1"
-4.456767013122293,4.587627504254442,"class1"
-4.448761238295705,3.8855959442404835,"class1"
-4.441725797843411,4.557997679173771,"class1"
-4.438910634457907,4.769554230205692,"class1"
-4.437462458593073,4.110007327805086,"class1"
-4.43313964797707,3.844300695206619,"class1"
-4.430552265651214,3.9045944135315263,"class1"
-4.428389283349984,4.904002529486659,"class1"
-4.406466742744396,4.189891090737196,"class1"
-4.406401295802459,3.8351979792345166,"class1"
-4.397265569471528,4.321372833299322,"class1"
-4.394558090905459,3.082501753621802,"class1"
-4.391751314216599,4.376141381427928,"class1"
-4.388922195239628,4.274874692331297,"class1"
-4.385935943362012,4.139007766576749,"class1"
-4.3855063240435594,3.977606367788503,"class1"
-4.369766346375067,4.216898623220308,"class1"
-4.369082338045855,4.197089420259156,"class1"
-4.367522054171863,4.155527547591955,"class1"
-4.364158401714565,4.089407665341934,"class1"
-4.350986996309644,4.191462474806741,"class1"
-4.347193393400275,3.535565136147352,"class1"
-4.346082051422864,4.187438145020235,"class1"
-4.341570133633251,3.985747457851897,"class1"
-4.3374969235235525,4.9320134635755615,"class1"
-4.331726951059226,3.974605037097725,"class1"
-4.306492938253651,5.2414402707629035,"class1"
-4.306414377856118,4.366631571700361,"class1"
-4.303858427153984,4.385529568970258,"class1"
-4.300138284325446,3.915212406190289,"class1"
-4.281374744144436,3.7726139944527928,"class1"
-4.278530758003199,4.443576365734422,"class1"
-4.277729432797688,4.255264014019361,"class1"
-4.2665043818699395,4.986552472192241,"class1"
-4.264479774386831,4.169055277700747,"class1"
-4.255302004354604,3.6663974163113204,"class1"
-4.2530986695884225,3.5098288616786975,"class1"
-4.24974729061214,4.78614896690157,"class1"
-4.213741251522707,3.8162600228220427,"class1"
-4.206688301569888,4.504114067116385,"class1"
-4.201144677071211,4.129258535855775,"class1"
-4.200765638923983,3.7985505788079497,"class1"
-4.195878224954369,4.153830431858319,"class1"
-4.194243541478258,4.65634291008398,"class1"
-4.188251670102537,4.398025099676897,"class1"
-4.183963866586054,3.4447513540504806,"class1"
-4.176708068293842,4.254545834710072,"class1"
-4.172687374269954,4.941154692252617,"class1"
-4.169432250551715,4.298760700426269,"class1"
-4.16683601000441,3.137229186883863,"class1"
-4.166609617935133,3.9941359885221632,"class1"
-4.165483560600749,4.123851205895528,"class1"
-4.159094026548249,3.5746604719940205,"class1"
-4.156262290898329,3.854761784762539,"class1"
-4.153059051330207,3.219943769133944,"class1"
-4.147767456998819,3.263340051653219,"class1"
-4.144307359710292,4.344913668014019,"class1"
-4.1389794008415315,4.18421720553126,"class1"
-4.136522515818141,3.6424827001678124,"class1"
-4.13597505993569,3.578328822121368,"class1"
-4.130635254917248,4.804464613225814,"class1"
-4.1279565397348374,4.054384073749869,"class1"
-4.121945495380477,4.134093632187106,"class1"
-4.102768964290743,4.0012759128977455,"class1"
-4.096650707206628,3.8906473684188256,"class1"
-4.093629340604427,4.448050406533643,"class1"
-4.091315574394121,3.435740209693799,"class1"
-4.07991688836224,3.825105879859477,"class1"
-4.074269065910471,3.516048409781939,"class1"
-4.0697417700641,4.15015491798989,"class1"
-4.058887778700714,3.498553093981845,"class1"
-4.057093064461357,3.6373777088020396,"class1"
-4.055678901586458,3.969965507682232,"class1"
-4.053261235094267,4.627750262933154,"class1"
-4.049796549759643,4.022187093065823,"class1"
-4.049674892060146,3.1660314612385645,"class1"
-4.048072696023891,4.200869188936683,"class1"
-4.0421894724183245,4.050577226000267,"class1"
-4.032813725345384,4.418971444928107,"class1"
-4.014704035281804,4.007633512608075,"class1"
-4.010827507378895,4.665795916540063,"class1"
-3.9985395706561064,4.32362469996108,"class1"
-3.9901434443123955,3.747594406119971,"class1"
-3.9772339958175427,3.688881048916708,"class1"
-3.968144945627647,4.007105213926552,"class1"
-3.965600385415432,2.5875840542412787,"class1"
-3.948181496088986,3.550725400723472,"class1"
-3.929876953585933,3.850032613849968,"class1"
-3.926847674358937,3.708074603299513,"class1"
-3.926085077212395,4.091917621079406,"class1"
-3.920461444545467,3.58812737591585,"class1"
-3.9071736667356927,4.276337221094489,"class1"
-3.906928370499096,4.261348537418712,"class1"
-3.9040804697344558,3.249902722541332,"class1"
-3.890368871409925,3.9482917354083473,"class1"
-3.883408047630751,3.9540962739447716,"class1"
-3.882031376443491,3.8406402388274303,"class1"
-3.8777778679648423,3.774687709134163,"class1"
-3.8758413791061663,3.4439130078315934,"class1"
-3.8731735551333113,4.47537850392705,"class1"
-3.869855038347195,3.510386131064272,"class1"
-3.8620474543534966,4.250717784613165,"class1"
-3.856249932386108,3.2949370878544917,"class1"
-3.8225566381581233,3.1689290745331737,"class1"
-3.800473458593356,3.875097887937586,"class1"
-3.7969830293131537,4.158568150946573,"class1"
-3.782225140821562,4.012907272095159,"class1"
-3.776514131924076,4.102103019855743,"class1"
-3.7741577834688673,4.464487799680705,"class1"
-3.766821996607627,4.014448859128551,"class1"
-3.765720334884957,4.339412058000671,"class1"
-3.7619904970550113,4.103242646899535,"class1"
-3.7609681169335105,3.0846061718688187,"class1"
-3.7578182919196843,4.378451316505923,"class1"
-3.755742531520996,3.9087283076575874,"class1"
-3.753493373329527,4.225436735453604,"class1"
-3.7351387227293635,4.059444996697948,"class1"
-3.734541051871754,3.686523669507213,"class1"
-3.734305139449248,3.7095102276118355,"class1"
-3.733992496360954,3.6353351035206,"class1"
-3.73130615609782,3.598487670898001,"class1"
-3.7256183290481104,3.7153029075941006,"class1"
-3.721735220073504,4.085457066524945,"class1"
-3.7192362954824927,3.4086133672772463,"class1"
-3.7017978272506786,4.54934308522716,"class1"
-3.690438988042087,3.603169944454949,"class1"
-3.6820858551435673,4.093265897405459,"class1"
-3.68091200344081,3.2921884113011286,"class1"
-3.674840612706218,4.51477714290732,"class1"
-3.667371722482158,3.8485278479992973,"class1"
-3.661918518010573,3.879714454448562,"class1"
-3.650486476395547,3.595955560888971,"class1"
-3.649715297723148,4.4709142932130765,"class1"
-3.647434415679501,3.3107548209279045,"class1"
-3.642696281754186,3.1780605365103045,"class1"
-3.6262986791951426,3.4192354208638984,"class1"
-3.6251294461205976,3.954845056228742,"class1"
-3.608630099118107,3.5630551773022723,"class1"
-3.6071402663859646,3.5160094920313014,"class1"
-3.600934096444951,3.9586039106646145,"class1"
-3.593912166292463,4.354108379376909,"class1"
-3.5913170172725817,4.110147219324667,"class1"
-3.585730255975915,4.170915819530083,"class1"
-3.585620644138227,3.360497714821064,"class1"
-3.5797750544792772,3.7023564226808783,"class1"
-3.5749908418703757,3.819966549260462,"class1"
-3.5738912173727373,4.726934593732976,"class1"
-3.563715317500348,4.126090706944535,"class1"
-3.5616027668109322,3.7599569984002423,"class1"
-3.5548934880174157,4.572398148817523,"class1"
-3.5532372984372236,3.8124261610244514,"class1"
-3.5529094101743275,3.6540800105021694,"class1"
-3.552811740974329,3.9102782755708376,"class1"
-3.541455314363672,4.623162563658391,"class1"
-3.5360146260412426,3.524781541134535,"class1"
-3.5255566242316334,3.9893626638631168,"class1"
-3.509771306935141,3.981866988243109,"class1"
-3.5014108678884877,3.735670033011885,"class1"
-3.498951081038182,3.5726404617322753,"class1"
-3.4976398379112243,4.282786631359139,"class1"
-3.497524747559381,4.4563810387136185,"class1"
-3.4939791041618142,3.6434791238335755,"class1"
-3.491144329977579,4.610010334217177,"class1"
-3.486881117524267,4.527522865308241,"class1"
-3.4782104153075792,3.7155499753101777,"class1"
-3.453011529726802,4.092141616692589,"class1"
-3.4523316443807146,3.672445943962103,"class1"
-3.447289734128571,2.905094302337587,"class1"
-3.446646730833943,3.1123478581524537,"class1"
-3.4428771726667895,3.947900306560373,"class1"
-3.437537951349788,3.7934292395447224,"class1"
-3.4319344045207854,3.601364258292017,"class1"
-3.4296836966910638,4.136204855692807,"class1"
-3.427070825254285,3.204884052817821,"class1"
-3.4221413375801104,3.6485380465607893,"class1"
-3.414573963272947,3.544724133039013,"class1"
-3.4114216874673398,3.709838559974043,"class1"
-3.409684218566178,4.2064023883131485,"class1"
-3.407792791450934,3.135258585301758,"class1"
-3.399532699184838,4.298334773099801,"class1"
-3.398974639854675,4.244349326885288,"class1"
-3.396850756154648,4.135379469358984,"class1"
-3.3886688981001223,3.7992775924303124,"class1"
-3.3871909561387286,4.274154655997192,"class1"
-3.384903101476773,4.274238084946103,"class1"
-3.375145417075829,3.947075973890889,"class1"
-3.368615295481411,3.7087740497908883,"class1"
-3.3666100412593147,4.092708058339866,"class1"
-3.365145857800259,3.447035716041699,"class1"
-3.3595948621187413,3.8214372662522584,"class1"
-3.3476701007361873,3.6810900739142216,"class1"
-3.345812569773213,3.704177638941621,"class1"
-3.345661333800452,2.8677579416905994,"class1"
-3.3427319517134757,4.477604840967492,"class1"
-3.3404664373661874,3.5580296571487007,"class1"
-3.3353142670522384,3.2718939252891235,"class1"
-3.3248115037994985,3.442721691223568,"class1"
-3.31403801259603,3.8495306053293663,"class1"
-3.308332307595017,3.6791941615360977,"class1"
-3.3019016740777873,4.184368787610449,"class1"
-3.300880675494946,3.6145595630944585,"class1"
-3.298941386081979,4.090024499449197,"class1"
-3.295814818798428,4.035370064119136,"class1"
-3.2944807184753886,4.523229880427366,"class1"
-3.294308296525882,3.1010649808793485,"class1"
-3.2803067088936135,3.642679118393275,"class1"
-3.2720745702708633,3.688484449669208,"class1"
-3.2715458293195834,3.7170536530867895,"class1"
-3.264988807901602,3.306839605140917,"class1"
-3.2641095307605514,2.9480697176104003,"class1"
-3.2585746395804898,3.528315178576416,"class1"
-3.254936678188634,4.146582783004341,"class1"
-3.253318220901,3.10546400878677,"class1"
-3.252129568546186,3.76054668665515,"class1"
-3.248209751991344,3.9249574442060746,"class1"
-3.2435802522044845,4.602835330994103,"class1"
-3.2385489834533696,3.513848098776443,"class1"
-3.2365749968690274,3.6207694582990624,"class1"
-3.2324205160043666,4.031143709390838,"class1"
-3.2312058665997094,3.7929790502693144,"class1"
-3.224302280378697,3.9985852513934,"class1"
-3.210723745781946,3.6956186359303955,"class1"
-3.209920027333563,3.5185942312652454,"class1"
-3.2086373311667113,3.758145396238931,"class1"
-3.204483187177976,4.396157897079556,"class1"
-3.2017833968060003,3.4844068867971054,"class1"
-3.1959737858283246,4.193507931823141,"class1"
-3.1954409059917257,3.705290283613551,"class1"
-3.192400568961574,2.9032764453213353,"class1"
-3.192329605627548,3.993877917533005,"class1"
-3.192174781142829,3.7749571503457098,"class1"
-3.1885287779463667,4.016471935257094,"class1"
-3.188465976840404,4.1533675275542645,"class1"
-3.1804225501377372,2.607849737462659,"class1"
-3.1756405366641083,4.779221596356925,"class1"
-3.1752034531335687,3.8050385971051663,"class1"
-3.1538564776460687,3.9662831333432242,"class1"
-3.1501942737489763,3.7186070536687685,"class1"
-3.147968476652214,3.359095216059508,"class1"
-3.145698354176003,3.235914435592861,"class1"
-3.145249796669698,2.4981348536500434,"class1"
-3.1372126723231926,3.513516663227339,"class1"
-3.127105979824053,3.497283852387005,"class1"
-3.1192558848662992,4.235337528159934,"class1"
-3.1129843155323393,3.4086148621579495,"class1"
-3.095627077928401,3.35446069825164,"class1"
-3.08803303055633,4.504015753985616,"class1"
-3.0850823265825182,3.6353163406562596,"class1"
-3.0823636036401156,3.0655348063406223,"class1"
-3.077892512901574,3.500636584151317,"class1"
-3.0776965065390334,3.872707213162231,"class1"
-3.076273586101498,3.298231384824255,"class1"
-3.0678679504636994,3.710058645084994,"class1"
-3.0609745572149265,4.471010241298504,"class1"
-3.05935662740892,3.174642543820369,"class1"
-3.0510523368232985,3.788670846759859,"class1"
-3.0452874415559386,3.2239408513850627,"class1"
-3.044601397112233,3.1060775273898136,"class1"
-3.0376385476816727,3.2373083902056097,"class1"
-3.0328624922082756,2.9897099343130407,"class1"
-3.0206566114634192,4.5462916352626,"class1"
-3.0062499887791314,3.46807249976821,"class1"
-2.9982070057504395,3.086320516644375,"class1"
-2.979576650808922,4.375743576660898,"class1"
-2.972242569235326,3.7188197827482794,"class1"
-2.9702155984923664,4.013036638581877,"class1"
-2.9683800965342084,3.11654936124238,"class1"
-2.9678039743715043,2.5322867787939347,"class1"
-2.959803502946585,4.302325376062473,"class1"
-2.95361297967629,2.626075211645805,"class1"
-2.940825707349048,2.802997688076892,"class1"
-2.930547591595158,3.351829230463478,"class1"
-2.9301485821827002,3.589063630157648,"class1"
-2.92820106233321,3.0716748152544007,"class1"
-2.9227469920969273,3.4485043892290275,"class1"
-2.922688211928735,3.127307870142623,"class1"
-2.9216277016154306,4.148426442300189,"class1"
-2.9185521480980117,3.247557008874401,"class1"
-2.910844951334658,3.8305119287893827,"class1"
-2.9097085902848523,3.9697952283724303,"class1"
-2.901830466455742,3.778103420980816,"class1"
-2.875961965295338,2.889483097845624,"class1"
-2.875369122690696,3.467340753558288,"class1"
-2.8631893235334527,4.42093528398359,"class1"
-2.852876960646637,3.5543573039583167,"class1"
-2.8500704180347833,3.995806011086788,"class1"
-2.849880077874821,3.774140870169903,"class1"
-2.84445423361287,4.312764559249094,"class1"
-2.842220588308737,3.793443661598579,"class1"
-2.8301878146064947,3.547460606624722,"class1"
-2.827442489855109,3.125233914916207,"class1"
-2.8134197398498415,3.420724221500899,"class1"
-2.7967786919497524,4.055895389456339,"class1"
-2.791859812555254,3.818933877702847,"class1"
-2.7839384136744147,3.785657528200017,"class1"
-2.7832438339302805,3.2961703704028467,"class1"
-2.779692701999216,3.6025887363415197,"class1"
-2.7629017802122915,3.31476001470739,"class1"
-2.7539208817378897,3.7756523117771428,"class1"
-2.752595537491005,3.4242140052355072,"class1"
-2.7420533955285986,4.004923638534712,"class1"
-2.7310478684319923,4.1317720733513355,"class1"
-2.730788266624602,3.846005940035184,"class1"
-2.7075212087788145,3.2473498452102447,"class1"
-2.705897762911685,4.452595545727554,"class1"
-2.705353061812832,3.7526536835136963,"class1"
-2.7019138849984543,3.6008806392863004,"class1"
-2.7016169396704015,4.341353739403129,"class1"
-2.691558051332823,2.9558796800096188,"class1"
-2.688020427279497,3.6349288797670187,"class1"
-2.684976349886326,3.361567967660472,"class1"
-2.6835815857671044,3.689890067526844,"class1"
-2.6807169999617075,3.413799809543407,"class1"
-2.6643515854213335,3.543689358500318,"class1"
-2.6640196549711304,3.5955014019445137,"class1"
-2.6501679967200586,3.131877199633995,"class1"
-2.6479488387064443,2.819759623919532,"class1"
-2.6452838961718044,3.1452438676428756,"class1"
-2.6370082758555746,3.524320094781223,"class1"
-2.6287249795955225,2.943765645298318,"class1"
-2.625148464247207,3.7110112232786046,"class1"
-2.6028086728783393,3.4044662059791015,"class1"
-2.601534588963908,3.006835282140427,"class1"
-2.598016938223034,3.221850594210606,"class1"
-2.591475194299484,3.191958207863122,"class1"
-2.5875137456195603,3.7320213064182415,"class1"
-2.581349455502801,4.17978735048228,"class1"
-2.571561050078768,3.252536093130309,"class1"
-2.5710274332220493,3.6025008443994593,"class1"
-2.565283015264228,3.6032841287190633,"class1"
-2.5574767778745233,4.001740966646342,"class1"
-2.548759431137377,4.050964989241146,"class1"
-2.5425149252190913,3.873378118237569,"class1"
-2.485076520709894,4.064396353348985,"class1"
-2.4821574890535727,3.983241518638853,"class1"
-2.455445544589948,2.874503612169314,"class1"
-2.450158589815249,3.9140193426641634,"class1"
-2.445124806597854,3.902896160958758,"class1"
-2.4449440141143572,3.5087106632669363,"class1"
-2.4379497855797965,3.7732064493555617,"class1"
-2.4309735702323296,3.587652542998541,"class1"
-2.421767207744074,3.2040220069125005,"class1"
-2.4157517472012495,3.432942081798785,"class1"
-2.4140569278532804,2.701662976086258,"class1"
-2.412533595522892,3.4107669311899786,"class1"
-2.409012829841502,2.4153401398904664,"class1"
-2.403900301200471,-1.9624528947473419,"class2"
-2.4025764362970516,3.695375593826248,"class1"
-2.4007831904027213,3.124164845187361,"class1"
-2.398979130450263,3.453276953679801,"class1"
-2.394121094788395,3.6071215677523574,"class1"
-2.3935958792557823,2.688370109803934,"class1"
-2.3928613148957387,4.0998677906479575,"class1"
-2.388494186673485,2.999307098514695,"class1"
-2.3785556123989817,3.5450555884558073,"class1"
-2.377770835533531,3.34698776562629,"class1"
-2.371496808557401,2.87768813410975,"class1"
-2.357777401346449,3.0300237824516763,"class1"
-2.346373716958447,3.9878845177336504,"class1"
-2.3441334263631224,3.1365140781952263,"class1"
-2.337166030757633,3.1267989904697284,"class1"
-2.331862822151556,2.4275946635233954,"class1"
-2.331581808959567,3.4981554396347168,"class1"
-2.3206339434080414,3.484230484409828,"class1"
-2.3164565826739514,3.2085603831445426,"class1"
-2.3126202437102146,3.7624139839047688,"class1"
-2.3125145904802356,3.2804465776514236,"class1"
-2.3084094121858216,3.499326730837867,"class1"
-2.2997571464726905,3.148996580028572,"class1"
-2.2963538985712564,3.712768806862229,"class1"
-2.2805906588510902,3.5148459252613686,"class1"
-2.276630627376031,3.6542529197036986,"class1"
-2.260364410156275,3.768480554463005,"class1"
-2.245552545710516,3.2380592343233547,"class1"
-2.245519478550377,3.5173721048550206,"class1"
-2.2239906114689063,3.468754264431875,"class1"
-2.2144259866149563,3.8898269939043986,"class1"
-2.2134322819363357,3.3994482289711536,"class1"
-2.210119638390397,3.4375066225513553,"class1"
-2.2051019615057355,2.842280393145617,"class1"
-2.1935709042762523,2.6810120972874687,"class1"
-2.1902756622995705,3.7579641271649864,"class1"
-2.1862300257061946,3.735780607339437,"class1"
-2.1779525456810536,3.1660549406639173,"class1"
-2.1703277308780775,3.5339260556886027,"class1"
-2.1677189965657044,2.7547238516788797,"class1"
-2.1617405052494956,3.521210034675831,"class1"
-2.140294865230817,3.0169780123393077,"class1"
-2.1374300618262865,3.098247445618311,"class1"
-2.1188736439462366,3.558320508570391,"class1"
-2.1187093467913263,3.954302741483992,"class1"
-2.1185819670486374,3.2109252014787995,"class1"
-2.1159726021965994,3.4783963653171304,"class1"
-2.1150982534899896,3.1099141423672965,"class1"
-2.1123151351854794,3.251610980679839,"class1"
-2.1111106628358174,3.116686231249829,"class1"
-2.1108811141244654,3.6364974569861808,"class1"
-2.0846641452861756,2.948803073086724,"class1"
-2.083544809056412,3.1158048018369087,"class1"
-2.0741456815675505,3.7886398685386826,"class1"
-2.059010060526952,2.9654509506413707,"class1"
-2.0355466406751743,3.206547266690873,"class1"
-2.0287087877038523,3.63431303479934,"class1"
-2.0125339978636965,2.914000992937714,"class1"
-2.0036281475083673,3.8810367574931206,"class1"
-1.9919743728811503,2.7046730861248838,"class1"
-1.9863144586291277,2.9028758372631454,"class1"
-1.9854794220644285,2.766207176609522,"class1"
-1.9837007366272124,3.2921176541174075,"class1"
-1.9729235029409842,2.8878863540879456,"class1"
-1.9535086725653263,3.5941216288284203,"class1"
-1.9329404594580506,3.665206107818121,"class1"
-1.9201975866434702,-1.8092317916720728,"class2"
-1.9151553839430715,3.3490655764502533,"class1"
-1.9131601418972748,3.151780605819736,"class1"
-1.8942621571729465,2.9077332147935224,"class1"
-1.875199483005452,3.167952149768919,"class1"
-1.8739763903718254,3.293266232560496,"class1"
-1.8708632291395446,3.384487574512761,"class1"
-1.870285777786938,2.982603596249227,"class1"
-1.8687446510347065,2.0567585244745343,"class1"
-1.8662679826984618,3.154215324369427,"class1"
-1.865029235084572,3.024194000915973,"class1"
-1.864925563467466,4.071397659459977,"class1"
-1.8501670347601626,3.1295410837204276,"class1"
-1.8245075798803443,3.115284825621786,"class1"
-1.8223385392189342,2.802313577741169,"class1"
-1.8118597315954252,3.38015346715739,"class1"
-1.8059067446257162,-0.576813602196325,"class2"
-1.803682722586295,3.925690937989958,"class1"
-1.7954611776922667,2.7287507750360573,"class1"
-1.7885147256056708,3.770820659903495,"class1"
-1.7863137630105763,3.1895609032483194,"class1"
-1.7840519990949053,3.191698966329442,"class1"
-1.7647603856350473,3.4249307655985644,"class1"
-1.764005244832858,3.7192586591312975,"class1"
-1.7590504913350937,2.3166908164285767,"class1"
-1.7563694370338367,-1.5225626394122735,"class2"
-1.7495380045445774,3.4923607871737374,"class1"
-1.743705256610002,3.097957651374501,"class1"
-1.7420164920539754,2.6045432623044227,"class1"
-1.7229154967082927,2.482819933852521,"class1"
-1.7153915408343394,2.7996172299322124,"class1"
-1.6991975414277274,2.5067700595319113,"class1"
-1.6845141038589606,2.907064854461247,"class1"
-1.6837188392264517,3.301683960975463,"class1"
-1.681905487611636,3.502515579837007,"class1"
-1.681905256200892,3.0121424836921413,"class1"
-1.6622170338736775,-0.9874603785104143,"class2"
-1.657762306754539,2.9106659769132524,"class1"
-1.652603277588513,2.6180892953199644,"class1"
-1.6399684298912982,2.947266669347678,"class1"
-1.6399387370354646,3.0329543216575887,"class1"
-1.639903255421327,2.6890680073090563,"class1"
-1.6181100969860074,-0.42343606939436107,"class2"
-1.592718073764975,2.9406772127158574,"class1"
-1.590738971824126,3.2971999837730306,"class1"
-1.5724489144056153,2.7134183698689793,"class1"
-1.5620392919894597,3.291961010246281,"class1"
-1.560419736030977,3.329263397983609,"class1"
-1.5571989185658357,-0.06402934911236868,"class2"
-1.552925350535432,3.7214426531163554,"class1"
-1.5513678149352632,3.461484756560961,"class1"
-1.548237252042199,3.0228725908426384,"class1"
-1.545446193348929,3.6495727370315776,"class1"
-1.5445314050753485,2.6662100198093137,"class1"
-1.5425549882736473,2.251795601084355,"class1"
-1.5354226492870273,3.7661638848765024,"class1"
-1.525430710604109,2.8954909500053403,"class1"
-1.524618673725656,3.275153020167799,"class1"
-1.513231558842146,3.5357493801261017,"class1"
-1.4965158098883395,2.6646352279848458,"class1"
-1.4930782881860818,2.410848473131917,"class1"
-1.4915828107680373,2.7372302032993927,"class1"
-1.4756138881326786,2.659576301742639,"class1"
-1.4709270331156699,3.281610574484228,"class1"
-1.4587440588390828,2.7147686308777694,"class1"
-1.4518571738452195,3.0475468160398154,"class1"
-1.4498808768085896,3.3593882292038733,"class1"
-1.4372762271883506,3.704730434915975,"class1"
-1.4364867541243589,2.3800066882971866,"class1"
-1.4347413497305128,3.2308901450602785,"class1"
-1.4314905556189084,-0.11771439338798517,"class2"
-1.4258153624117655,2.212903728208625,"class1"
-1.4123711781065413,2.767696111763791,"class1"
-1.4035771487182558,2.5326923885828876,"class1"
-1.4004223969119387,3.1732367006360946,"class1"
-1.3982309716266834,2.315009988318623,"class1"
-1.3742968589347795,2.854131477145075,"class1"
-1.330486848795342,3.249831534713754,"class1"
-1.318823266516123,2.277224092889737,"class1"
-1.305051083357064,2.7378274400031506,"class1"
-1.3009431204849573,2.6734522227122035,"class1"
-1.2878163188855467,3.5029148697564034,"class1"
-1.2831812825634663,0.20598789068368928,"class2"
-1.2772901330466302,-0.3170442880283355,"class2"
-1.271552617896413,3.313941562125719,"class1"
-1.2648671997163676,2.6351637883408374,"class1"
-1.2586275750543097,3.3586192761063938,"class1"
-1.23978298699523,2.3069156044032813,"class1"
-1.2129720777307376,2.2561503161063943,"class1"
-1.20987945709122,3.6820638210977075,"class1"
-1.1895430948358623,1.7414454943589561,"class1"
-1.163616606424034,-1.7136858399042474,"class2"
-1.1596434479781905,2.8954944445177255,"class1"
-1.158739246867405,2.314396543142303,"class1"
-1.1409404735387199,1.8974756825600134,"class1"
-1.1392039013543986,-0.25286283065851767,"class2"
-1.1374523742451579,-0.36379308606497385,"class2"
-1.1065790489867755,3.5041761582536317,"class1"
-1.1050011501662584,0.21592824811177347,"class2"
-1.0877487417399188,3.3802160993355503,"class1"
-1.078531927270285,2.4510139144042986,"class1"
-1.0730525621686164,-0.1342560392946599,"class2"
-1.0714261040602722,3.2099847995843644,"class1"
-1.0698062229438667,3.5034029982407247,"class1"
-1.057615426357783,2.5672848058910516,"class1"
-1.0490912275653583,3.2554281107549374,"class1"
-1.0340184954741338,2.2865107779974974,"class1"
-1.0254302872594474,2.737956495248026,"class1"
-1.0250977309634912,3.7211052035838375,"class1"
-1.023700165179692,2.8310226904778046,"class1"
-1.0233358161360262,2.371814066236837,"class1"
-1.0089529251528129,3.080449350946277,"class1"
-0.9909707326607307,-0.6586784614875858,"class2"
-0.9813892351855102,2.205160486503007,"class1"
-0.9677749086006937,2.501230917951255,"class1"
-0.9262524720733321,-0.9124848498747082,"class2"
-0.9249600362522816,-0.5100528184634976,"class2"
-0.9165432973896364,2.538697282271622,"class1"
-0.8806577754567222,2.1629931059041265,"class1"
-0.8765751292559039,-1.4881648585288887,"class2"
-0.8706375976298006,2.1649565018291694,"class1"
-0.8697529219440208,2.733780645241845,"class1"
-0.8671100035888887,-1.3571097865793589,"class2"
-0.8604500629125118,2.5269061699689432,"class1"
-0.8535706606543219,0.8832487909314191,"class2"
-0.8485499138781085,3.026435367409201,"class1"
-0.8418696548599816,-0.15447571546633831,"class2"
-0.8381929875283181,3.090904347873191,"class1"
-0.8356475969221275,2.901630807481874,"class1"
-0.8216102057151193,3.428563885894049,"class1"
-0.7954511418137624,2.400300019281434,"class1"
-0.773411516272277,-0.7889867856840325,"class2"
-0.7671287373357876,3.1139859424910745,"class1"
-0.7662052178727903,0.12060119803097913,"class2"
-0.7575894879131253,3.426775428049812,"class1"
-0.7471906380662494,2.8203143857755846,"class1"
-0.7354539903335808,-0.813074923432691,"class2"
-0.7319393298788528,2.6251393121104547,"class1"
-0.7302646055284114,2.0900222826929475,"class1"
-0.7208798357164499,2.652192665814333,"class1"
-0.706089325642367,-1.0360906983093563,"class2"
-0.7033815574045787,2.8165934876572845,"class1"
-0.6923057858194999,0.5122457254130355,"class2"
-0.677288898731895,2.628922675705944,"class1"
-0.6739575998738689,-0.8751506419671491,"class2"
-0.6697497629350886,-0.33845034517449957,"class2"
-0.6600469270934362,2.1513632146653157,"class1"
-0.6505312180793226,2.6811617778422496,"class1"
-0.6453662685818864,0.0771754187590672,"class2"
-0.6452465348779373,-0.17728822013639256,"class2"
-0.6404734936954194,0.3906418018217467,"class2"
-0.639949544358673,-0.9314953107740511,"class2"
-0.637427778486477,-0.14899743023268108,"class2"
-0.6240030245892925,2.27445326280214,"class1"
-0.61916128467351,-1.2704763118205102,"class2"
-0.6157163506454211,2.9377948963457,"class1"
-0.6050510948231957,-0.2238307667377053,"class2"
-0.6034820786681987,2.425050166502564,"class1"
-0.6009798420694938,3.023138957911244,"class1"
-0.5983567381532464,-0.23879097681937855,"class2"
-0.5972781078295705,-0.6057771366984894,"class2"
-0.5960507627222844,3.5973357370336205,"class1"
-0.5920794282214441,3.460045606259536,"class1"
-0.5913752003843182,2.380638154306302,"class1"
-0.5871509135875446,3.111588215360368,"class1"
-0.5847986609964404,1.9808282825060641,"class1"
-0.5757238171998876,-1.1613469960461233,"class2"
-0.5740687430674853,2.5075517443170154,"class1"
-0.5724748588646786,2.9879813427881388,"class1"
-0.5405823123149078,1.934512371214025,"class1"
-0.5351032153036366,2.8225065462078343,"class1"
-0.5266007351264657,-0.9118821822873828,"class2"
-0.512026483261105,-1.1114710640151562,"class2"
-0.5112574323386216,-0.34518884319274235,"class2"
-0.5098350473566589,2.458069824435616,"class1"
-0.5032464311634204,2.357871556837341,"class1"
-0.4787238178282376,2.8927150489691806,"class1"
-0.47600961868735503,3.1583121540436587,"class1"
-0.475478420548449,-0.1774290555694309,"class2"
-0.4695490619353666,-0.5907803024558591,"class2"
-0.4646812074768615,0.6018420240124539,"class2"
-0.46118417899326714,2.2235827533984613,"class1"
-0.4543891639548161,1.430890580220199,"class2"
-0.4482819621102534,2.916294944705848,"class1"
-0.43064085701299915,-0.13769940613630194,"class2"
-0.4266615077816185,-0.03252682922345573,"class2"
-0.4029233871041802,2.212970590707993,"class1"
-0.3878942756906607,2.3595422848397614,"class1"
-0.3501729309204876,-0.878047449823995,"class2"
-0.3411419480538036,0.42021850001463545,"class2"
-0.32696966673394945,-0.2983963867265118,"class2"
-0.3235740639896192,2.2644551405038307,"class2"
-0.3178360896529391,1.7881292008621132,"class1"
-0.313795783833848,0.36379549268252187,"class2"
-0.31080216097167246,-0.7705557409095596,"class2"
-0.3083590382882948,-0.18385113559444743,"class2"
-0.29426915773827556,-0.5399881783606606,"class2"
-0.29412959765565994,2.496504625281572,"class1"
-0.2733158240627098,3.0856100566807556,"class1"
-0.2725230878075102,2.5459800596416136,"class1"
-0.23427346255558446,-0.5947594763915023,"class2"
-0.22399623193432072,-0.6889711179159146,"class2"
-0.22390850563273634,2.5601039197381934,"class1"
-0.20956188998071612,1.7301797051112326,"class2"
-0.19166447085296912,-0.4597468063802017,"class2"
-0.19162188573671113,2.2208013728125557,"class1"
-0.17744113252129068,0.02198177107009036,"class2"
-0.17657838053051034,1.9211200086543068,"class1"
-0.16830009135828572,2.2209076169134265,"class1"
-0.16698540330531575,2.4735686498479397,"class1"
-0.16636374555097655,1.8588340828876366,"class2"
-0.16427488531383783,-0.84311521258508,"class2"
-0.16229632377188674,-0.6828207030138767,"class2"
-0.15740346505316527,3.08523557694652,"class1"
-0.15014700793568814,2.7296246664278527,"class1"
-0.13601859378552394,-0.8646394673898672,"class2"
-0.13440175751576433,-0.4488233827668724,"class2"
-0.1268858619746197,0.2308353841174703,"class2"
-0.12102103653974061,-0.08732769672989327,"class2"
-0.11267012832819834,1.9239753347210535,"class1"
-0.10565504974699436,-0.8213390132490517,"class2"
-0.08821259134726189,0.0974519042609604,"class2"
-0.08613299135942865,-0.05141486205216306,"class2"
-0.08217254942439634,0.8480993371628134,"class2"
-0.07540017683150246,0.3291707707526643,"class2"
-0.07462261092363409,2.4295393238762126,"class1"
-0.06660741892634414,1.323375364906766,"class2"
-0.0417239860275449,-1.4289299407584735,"class2"
-0.029555312944549716,0.5878108609936766,"class2"
-0.019027568775072723,0.12202065885375402,"class2"
-0.010467518370836482,0.15590289304691596,"class2"
-0.002220380049657855,2.6519844773860357,"class1"
0.02391158808318883,1.0583784461791934,"class2"
0.02823887005480341,0.3891729963553162,"class2"
0.03289391052041024,1.346956668416655,"class2"
0.04541526005228835,1.312744505598335,"class2"
0.07356972603618483,0.1280306624413391,"class2"
0.07644674685364583,1.6778250639627106,"class1"
0.07659430175629289,2.0217148227789603,"class1"
0.08065809458525486,0.5035536054744227,"class2"
0.0937249400658553,-0.17848375937354155,"class2"
0.09605103738893028,1.7706233092981645,"class1"
0.10828580018533018,1.589343719883049,"class2"
0.11014588739688591,2.585553908308263,"class1"
0.11278475902171614,0.6092478300093913,"class2"
0.13470200677903676,-1.1439660462823604,"class2"
0.1409861114044687,0.31793153957035913,"class2"
0.14909439942019598,-0.6188034668273863,"class2"
0.1502836158267663,-0.6230396397474081,"class2"
0.15546978544074297,-0.7203767788646818,"class2"
0.1563742857456436,0.19479836582364718,"class2"
0.16332949174214317,-0.1631755165488349,"class2"
0.1702282494455425,0.5028796787115029,"class2"
0.17651459658773982,-0.014424543419786495,"class2"
0.18749457202957498,0.12953611756957029,"class2"
0.19069246178586852,-0.3659092698736277,"class2"
0.19410576945528457,-0.41830020885049546,"class2"
0.19568226104593855,-0.9927367317111349,"class2"
0.19898171690353017,-0.3282339097804474,"class2"
0.22115803405352186,0.5485759018973858,"class2"
0.2265109959731888,-0.11836751260058986,"class2"
0.23591429569248024,-0.982367539257982,"class2"
0.24564178839373318,0.40924082032885023,"class2"
0.24629629278507237,-0.7171758197325915,"class2"
0.2577037525671865,0.251279345401623,"class2"
0.2603166653067266,-0.3198724859016915,"class2"
0.27495064321114426,0.8302187286040813,"class2"
0.297494424249265,-0.9627856252154658,"class2"
0.30479370803817785,-0.27885264498232853,"class2"
0.3171939538694988,0.6457730458876048,"class2"
0.32307396481283757,-0.34037249225994537,"class2"
0.32545201693575454,-0.16424963014865157,"class2"
0.32961138152475944,0.6686371417481427,"class2"
0.3367054710128037,1.6978623707904168,"class1"
0.3452006565807947,-0.4680345068161782,"class2"
0.3469568736139418,-0.6216350209037351,"class2"
0.3489742185255149,-1.4439447921792428,"class2"
0.3498277904084395,2.741776938322319,"class1"
0.3686307757069327,0.6639392999332314,"class2"
0.3719486285235323,0.5039944197787392,"class2"
0.37268181491867836,2.021453715795431,"class1"
0.37336992473293484,0.32368711153917396,"class2"
0.38632735407512586,0.322083121258223,"class2"
0.39151799994420333,2.642761270969473,"class1"
0.3921729691585887,-0.7672743960323591,"class2"
0.3957196284365643,1.5122827952116173,"class2"
0.40487572912359004,1.1159563023185137,"class2"
0.4393643308146479,0.536015987146021,"class2"
0.44153869762066966,0.2347271547314923,"class2"
0.4537917281135839,0.7673557642612359,"class2"
0.4542403831382762,1.466108038256877,"class2"
0.4633219640670865,-0.18619331397195915,"class2"
0.4652428029334654,1.8076265348241796,"class1"
0.4665027292236892,-0.5799268034975436,"class2"
0.4688275277534931,0.3010383231827457,"class2"
0.47372802301439254,1.5791881370825136,"class2"
0.4737363536478736,1.426570853060971,"class2"
0.4754742749621782,0.33150773083386054,"class2"
0.4867985457706093,0.22497167280506125,"class2"
0.48921015692308434,0.556481243233314,"class2"
0.4932841121399332,-0.08272834320948252,"class2"
0.4995549423891369,0.3808112314750257,"class2"
0.49972011593107535,2.751851368347877,"class1"
0.5047794461579054,-0.5313391131608474,"class2"
0.5110050216391692,-0.027542531993286268,"class2"
0.5123579741246669,1.0714984584196454,"class2"
0.5173506156702474,0.9455824382341518,"class2"
0.5284584527042795,1.523215731127543,"class2"
0.5317959004990291,1.1065499845327653,"class2"
0.5402153421881676,-0.44437833914455926,"class2"
0.5405961875866802,0.31226413272832554,"class2"
0.5414148264614659,0.19288392066269167,"class2"
0.5437729727635098,0.25166640109976435,"class2"
0.5500626093454632,0.2641441365045736,"class2"
0.5526500760915649,-0.565228436937621,"class2"
0.5536345151918494,1.0120623635455388,"class2"
0.5539230045859311,0.5378424807993283,"class2"
0.5557555780650333,0.3854940901426376,"class2"
0.5591350914156686,0.9709398198229976,"class2"
0.5645358360065446,0.7577190029797246,"class2"
0.5706576663367913,0.2461885482520273,"class2"
0.5720951846206064,-1.4999020528545657,"class2"
0.5766596941546337,-0.02705549539346319,"class2"
0.5792115525496089,-0.5736756729510561,"class2"
0.5805871197248509,2.060616672788351,"class1"
0.5815033238503085,1.4141184816513332,"class2"
0.5815355238423237,-1.0353153926967167,"class2"
0.5848347388796069,0.6050257549861193,"class2"
0.5868673455070939,-0.6635024083243419,"class2"
0.5911557156324969,-1.5765254927275199,"class2"
0.5921869451894475,2.085772749570123,"class1"
0.5952954309576145,0.5910128403237118,"class2"
0.5988188719720849,0.23362730439660506,"class2"
0.608691477116255,0.07688725636982197,"class2"
0.6192949009686098,0.22820103772850575,"class2"
0.6201599880985164,0.5259980596752076,"class2"
0.6260107857033224,0.0049335564340734495,"class2"
0.6341760634882383,1.716161702226421,"class2"
0.6350085049203331,-0.22386551813876188,"class2"
0.6419643486095972,-0.4035389150251032,"class2"
0.6457499639780147,0.04667932158999322,"class2"
0.6506966357080176,0.33539433780201144,"class2"
0.6578806519947936,0.8116008457790408,"class2"
0.6630792634153719,-0.6897920536420277,"class2"
0.6642609537492692,0.3630245528013184,"class2"
0.6675302927085175,0.266217698166734,"class2"
0.6693855909412525,1.9685555010631068,"class2"
0.6791507750866693,0.32817738095893223,"class2"
0.7058892644427165,-0.25759288605132435,"class2"
0.713757020230694,-0.7845913654567283,"class2"
0.7154303773738815,1.4837007821810424,"class2"
0.7173349335024044,-0.483913899903482,"class2"
0.7265139636142408,-0.5639707655727217,"class2"
0.7286858006278232,-0.17510380883476873,"class2"
0.728836711492326,0.952725207941866,"class2"
0.730041194383301,0.285827005228526,"class2"
0.731328145694129,-0.15917102472196842,"class2"
0.7325203801804538,-0.1575722687343004,"class2"
0.7361329459627884,0.360304043338897,"class2"
0.7396137417796049,0.4442938228631603,"class2"
0.7507607577951841,0.7850731522665569,"class2"
0.7533850290401679,-0.16058022044755793,"class2"
0.7627743875070864,0.3459173064023561,"class2"
0.7647338077559036,0.2587999993278651,"class2"
0.766052256976853,0.9744202636296723,"class2"
0.7730300734177926,-0.1085287392612313,"class2"
0.7735854253260641,0.6339471661015448,"class2"
0.7894294994614903,-0.09886468981938346,"class2"
0.7971934153548401,0.6361579481554085,"class2"
0.8076169236421278,1.3404066703303528,"class2"
0.8089678390360534,0.6162002837559809,"class2"
0.8143002060720812,0.7498116868181631,"class2"
0.8160315757529453,-0.16723173559992843,"class2"
0.8169360452890091,-0.35226854606066116,"class2"
0.8205447027487001,2.2168819428360487,"class2"
0.8232468623466399,0.9296564430706685,"class2"
0.8270517265090214,-0.594918654480229,"class2"
0.832432908880242,0.351812919432281,"class2"
0.8333380203063754,0.6178543776024914,"class2"
0.8337331330833629,0.6127407168358467,"class2"
0.838100784211341,0.792035714085724,"class2"
0.8414011141061821,-0.5609122355804668,"class2"
0.8414351803312353,0.9351025033965775,"class2"
0.8481661516123122,-0.6674854865420856,"class2"
0.8514110888603322,0.8614111275796733,"class2"
0.8607910940782381,0.8280568683761511,"class2"
0.863708926586477,0.40622258506802955,"class2"
0.8720691031810411,0.9020174857184852,"class2"
0.8769805294148566,0.6065060841629781,"class2"
0.8795502662103589,1.0434041820396007,"class2"
0.8822792387214489,0.5209862417752791,"class2"
0.8849953620353503,-0.4801081979862738,"class2"
0.8995083337592463,0.2074670446935155,"class2"
0.9077570870018346,0.681043577790071,"class2"
0.9135695191462996,0.7609461076155475,"class2"
0.9160874571226939,0.15833393687696273,"class2"
0.9170952190710002,1.639453533831388,"class1"
0.9181230509140724,0.6941240389320962,"class2"
0.9241799607910767,0.5118653589353253,"class2"
0.9273172115222058,0.3640999490482516,"class2"
0.9277513436591218,-0.10948553989005005,"class2"
0.9303916538024543,0.5050907673186388,"class2"
0.9449431899275764,0.825052404615233,"class2"
0.9452309140544305,0.1121264538145994,"class2"
0.9601328515325804,-0.48573012843713625,"class2"
0.9663849829287707,-0.3735991250605315,"class2"
0.968600246960452,-0.4827610106923712,"class2"
0.9751662471606948,0.6252695329164459,"class2"
0.9757770758482118,-0.16504911551520363,"class2"
0.9763881872141016,0.2829807880765298,"class2"
0.9764216670499318,0.5886034439070653,"class2"
0.9778453502711729,0.7597167394594615,"class2"
0.984303576691022,0.7753506616981672,"class2"
0.9871875375446542,0.9984225085498921,"class2"
0.9881554521052367,1.2650210810869673,"class2"
0.9900505505130754,1.3306485560251358,"class2"
0.9902339897373998,0.8424221015627873,"class2"
0.9905759074749562,0.6362714743378266,"class2"
0.9908867624991529,-0.20207943805798112,"class2"
0.9995250145615285,0.6850477367029242,"class2"
0.9995748911893023,0.3006822768346292,"class2"
1.0169702576579653,0.8243144424927543,"class2"
1.0185980440637863,2.6204915405909937,"class1"
1.0198197688508956,-0.6205255574439137,"class2"
1.0269334137738126,0.18293784621031584,"class2"
1.0350608643410428,1.69410573765582,"class1"
1.0367037568681052,1.0225690541265908,"class2"
1.0388096973274679,0.3191011501095128,"class2"
1.0410317312337218,2.3530184076781184,"class1"
1.0572998094716726,0.08137854792209376,"class2"
1.064854242274353,1.7942461157902645,"class2"
1.0678483160682082,-0.2452762352580271,"class2"
1.0684858370658579,0.922528891960485,"class2"
1.0725916708974084,0.9200164791076886,"class2"
1.074560286510118,0.29048907066149043,"class2"
1.078571112794017,-0.6334700295357947,"class2"
1.0802173357720997,-0.31199864290267865,"class2"
1.0848311294340787,0.43744624602146387,"class2"
1.0848582274954723,-0.39745230504929907,"class2"
1.090478195004909,0.42951278455148545,"class2"
1.0912824143701634,1.3814947592234912,"class2"
1.092996214923156,0.8353455277005909,"class2"
1.0961796761471716,1.2859600837772187,"class2"
1.1083814875333224,-0.5313050603685274,"class2"
1.1101538454457138,0.6084607768461283,"class2"
1.1182673215757974,-0.496224962391973,"class2"
1.120525972281133,-0.11313318583471754,"class2"
1.1327897550258195,1.7156959824334126,"class1"
1.141938736491202,0.35746054676308214,"class2"
1.14761951151181,-0.8742265259451059,"class2"
1.1514843738619194,-0.160183812771165,"class2"
1.1540155968130332,0.0778067561308633,"class2"
1.154881656429021,1.6446931758999948,"class1"
1.1560895199519579,-0.05983305423458596,"class2"
1.1582602101722335,1.1649157871611777,"class2"
1.15988032230333,1.1403085647165583,"class2"
1.1616807828671438,-0.20132622314734938,"class2"
1.1626081018807217,0.8679482309887432,"class2"
1.1758009532857014,1.6265458450986268,"class2"
1.1826643918928839,0.9856121069223399,"class2"
1.1832423069740097,0.8377859456495587,"class2"
1.1840921292487017,0.3322461884578155,"class2"
1.190961052302627,-0.22076716206019387,"class2"
1.2092561080572053,0.04614364072064936,"class2"
1.2129578508800292,-0.5447638545399287,"class2"
1.213932397348565,1.010562837626266,"class2"
1.2307275662748176,0.046976268529888454,"class2"
1.2349935796244589,-0.706899962596018,"class2"
1.2400841624904675,0.09635512755398601,"class2"
1.2419883816614203,-0.33365204789322433,"class2"
1.2463338173925709,0.7852685261438261,"class2"
1.2508388665424988,0.5066371579315809,"class2"
1.2531340250227618,0.8103575887331446,"class2"
1.2557726219608547,0.572930003408727,"class2"
1.2577650632041695,0.5004961398618473,"class2"
1.2615254612326359,0.98139187915033,"class2"
1.261824540719389,0.9350342224784653,"class2"
1.2660954588091033,0.1788846683091545,"class2"
1.2675450093645946,0.3094063923524124,"class2"
1.2682351068791746,1.527015724176401,"class2"
1.269860336228818,0.38146960256670615,"class2"
1.2701235624989344,0.9018332812462202,"class2"
1.271463203942457,1.283442054100077,"class2"
1.272969842817841,1.3583689899519884,"class2"
1.2755316810657518,0.2386944667540033,"class2"
1.2773121696218395,0.7276486877391747,"class2"
1.2830134211421735,0.947558817657827,"class2"
1.2868165526903819,1.7785514086061596,"class2"
1.2888836430280575,-0.3095256011681209,"class2"
1.2999894411110864,1.9752382114824316,"class1"
1.3019271983405838,1.1684140581377518,"class2"
1.3046066291907585,1.6512578019315853,"class2"
1.311047599128678,0.016176555842304263,"class2"
1.3151095879547974,0.49728333787799583,"class2"
1.3184378419964595,1.5431875756969429,"class2"
1.3248179841980547,1.3310377743564579,"class2"
1.329578735231033,0.5613745402415431,"class2"
1.331497186327161,0.04948237797837007,"class2"
1.3339480520098645,-0.16499820631439532,"class2"
1.3356925381066362,-0.7090866677875083,"class2"
1.335967137624724,0.3808824382985775,"class2"
1.3384915521162464,0.971804951020183,"class2"
1.3394069916698448,0.8843017243208326,"class2"
1.3412692334016136,-0.28750722514453164,"class2"
1.344092798667366,1.3603197367413258,"class2"
1.3577770641244675,-0.2962788831597627,"class2"
1.3612543344910002,0.4318291923358394,"class2"
1.3691943560783602,0.14248944834393584,"class2"
1.370053401127805,0.7970141459244101,"class2"
1.3707117003333227,1.1375656265424736,"class2"
1.371515132234307,1.0979931731650647,"class2"
1.3744581314269313,1.6989956493954828,"class1"
1.3778579583659174,1.2559015382381011,"class2"
1.3796017042012203,0.378822206623721,"class2"
1.3875162017903486,0.5743998319694443,"class2"
1.388152744866229,-0.32087017308571575,"class2"
1.392212670551939,1.022515445134112,"class2"
1.39235944755799,1.769288250715731,"class2"
1.3976944574351036,1.3776913259244286,"class2"
1.4026929562087647,0.01729653169731249,"class2"
1.403513520164776,0.6685088370096267,"class2"
1.413227759277623,0.45665667703975554,"class2"
1.4229904626809682,1.2953408445887624,"class2"
1.426491577089528,1.7741112008061082,"class2"
1.4276784532988365,2.376802513711124,"class2"
1.4281434660300178,-0.17923431477307195,"class2"
1.4340811367860051,-0.570297758338913,"class2"
1.4423771420526101,2.5000755859339865,"class2"
1.449404321241957,2.525739695720506,"class2"
1.4535781070705003,-0.14249747944747027,"class2"
1.4561845833039828,1.0620573652393837,"class2"
1.4577275219581107,0.10774074987270799,"class2"
1.4681649965591181,1.029387694527137,"class2"
1.4698191896103643,0.0967012935305347,"class2"
1.4951432351336154,0.431817498243806,"class2"
1.499229798245655,0.5954416737726648,"class2"
1.5052308872157902,-0.16851058787594742,"class2"
1.5068762523625554,0.2715862899971482,"class2"
1.5070642284212723,1.1734321377102621,"class2"
1.5099865289430254,0.364866017293487,"class2"
1.5161086886077522,1.0834198652612117,"class2"
1.5260373123387274,0.8739394318784273,"class2"
1.5272181501254365,0.9855419214397996,"class2"
1.5277433608785045,1.4631764363556485,"class2"
1.5293709896022547,0.9014090048387036,"class2"
1.5295869012004175,1.961003469571935,"class1"
1.534818080991413,-0.21265831720457062,"class2"
1.535773166262806,0.5711302781550487,"class2"
1.537882714518915,0.19027083939445244,"class2"
1.5415499075297379,0.3862218003905117,"class2"
1.541834606905693,0.42306587809374807,"class2"
1.543088154107584,-0.04707628868714142,"class2"
1.5435487034046913,0.6078719891567577,"class2"
1.5503754377547625,1.0882987090796075,"class2"
1.5504810907653592,0.5815841811174653,"class2"
1.550590233144523,0.8752500518673015,"class2"
1.5598948296379063,2.0212196481368476,"class2"
1.5647911088595758,0.5463756296021238,"class2"
1.5655588186445033,0.6900864796579449,"class2"
1.5739757954102658,1.9655401803253416,"class2"
1.5817152037571276,1.6575177754149077,"class1"
1.582115194657461,0.6223798373180055,"class2"
1.5858247265996468,2.2690746420037122,"class2"
1.588495056389446,-0.05299111245474042,"class2"
1.5931521837424905,0.6602941950726839,"class2"
1.5941377605100169,1.7577693465111515,"class2"
1.5946320379977108,2.0985018244887166,"class2"
1.5983890742156226,0.40079244378672474,"class2"
1.6013051096243225,-0.6887300239884309,"class2"
1.6060034888975379,0.8486091322558711,"class2"
1.6096786613610117,0.8140813052205473,"class2"
1.6101483521883493,0.23282062734751252,"class2"
1.6132632236150553,0.016174874270701634,"class2"
1.6138734986162149,1.082257850870162,"class2"
1.615269372921441,2.6786665608545945,"class2"
1.6164188427952122,-1.0096606902469833,"class2"
1.6172775734129181,0.6735793772234371,"class2"
1.618222986160005,1.4963929318425508,"class2"
1.6189338203289294,2.4619335790201906,"class1"
1.625183058462644,0.6662171272532771,"class2"
1.638147298079037,0.9068847869861606,"class2"
1.6410336401544392,-0.09098186329156333,"class2"
1.6465549526606915,0.8143142691465218,"class2"
1.6482936069007368,0.7159565209251891,"class2"
1.6545402038373656,0.9601414563379129,"class2"
1.6593325170451372,1.5937735682043275,"class2"
1.6630804831322328,0.49349667081722226,"class2"
1.6652570439920675,0.6635792370519935,"class2"
1.6788624067514573,0.8254260200653635,"class2"
1.6873470961798258,1.5197683909010076,"class2"
1.6877466915664847,0.7283193913972086,"class2"
1.6914346529726707,1.0624308301544416,"class1"
1.692321829805925,-0.014789180984177364,"class2"
1.6927185229306756,1.3055142450177335,"class2"
1.6986432442121253,0.7252139786744825,"class2"
1.7033472513102055,1.6861433141215254,"class2"
1.710384202850308,1.5201941040122466,"class2"
1.7108036972047933,1.1142988089736297,"class2"
1.7218269619350135,1.2180421330416327,"class2"
1.722668894986333,2.1516837513865585,"class2"
1.7284536981819962,1.440667960145233,"class2"
1.7288894622737587,-0.4758176469473232,"class2"
1.7376079506757967,1.1757224503435202,"class2"
1.7377274324310237,1.9010851141833547,"class2"
1.7387855874439233,-0.2937336079118018,"class2"
1.7388188136159681,-1.190983825638844,"class2"
1.7405202151880959,0.22017889936555746,"class2"
1.7409270912834716,-0.5059064550807699,"class2"
1.7421943728921268,0.6262036168026541,"class2"
1.7435786918191152,1.303731957675045,"class2"
1.7446951791942127,0.5923709764241416,"class2"
1.7459179496936295,0.9048304158990186,"class2"
1.750000675726331,0.3425837659172539,"class2"
1.7530646521303508,2.2752179737640708,"class1"
1.7684980188772212,0.4913139446140965,"class2"
1.7768632405260019,0.3307834460478588,"class2"
1.7771954670438659,2.0703317235321332,"class2"
1.7803215246616295,-1.008171353229125,"class2"
1.7843111415112365,-0.08491978117533727,"class2"
1.7873529691425518,1.1140778872181862,"class2"
1.7905500042314038,-0.025923601196993662,"class2"
1.7918653365734942,1.8547919808224291,"class2"
1.7955269920840584,-0.04544459920215105,"class2"
1.7962713260478258,0.839915008875086,"class2"
1.8000722526777397,0.8961752724426483,"class2"
1.802839289526652,0.13286383134943758,"class2"
1.8067143748524264,1.1896547311307941,"class2"
1.8229764990850166,1.0153624646312325,"class2"
1.8294459208864184,0.7400672534510293,"class2"
1.8324315084188783,0.6769331704754245,"class2"
1.832673004396156,1.1622714605908229,"class2"
1.837462063773477,1.0134956335047205,"class2"
1.8398657929871243,-0.05080176334818787,"class2"
1.8426366647814019,1.3449314517510962,"class2"
1.8433388838896692,0.6115754495707324,"class2"
1.844913221465436,0.3063664498182701,"class2"
1.8506379345508936,1.897468040499763,"class2"
1.855598178198042,1.2451444830827345,"class2"
1.856495302746039,0.6812524010799541,"class2"
1.8565264123911085,1.0583744038487657,"class2"
1.8582456298856762,0.8317510474342847,"class2"
1.8590582841498504,0.7962589128390968,"class2"
1.8601760217081016,0.3815516156079174,"class2"
1.8612688726170368,0.6886781360247113,"class2"
1.8660177749270135,1.9117814310037273,"class1"
1.8686507084565416,0.757311687105783,"class2"
1.8728474736507859,1.0729308459466294,"class2"
1.8734312053311053,1.0770200249918462,"class2"
1.8736027427839517,1.4064153010867928,"class1"
1.876812765836818,-0.5432645754152148,"class2"
1.8799613967653594,0.3155776651951653,"class2"
1.8822014105120681,1.5101237180808438,"class2"
1.8874828881481056,0.15378787736812727,"class2"
1.8910022670212978,0.5723895455851225,"class2"
1.8983136857975318,2.6309781981990374,"class2"
1.9073540298283238,0.613506811369587,"class2"
1.9102031548227454,1.0646721985986454,"class2"
1.912208821172298,-0.23313174354374389,"class2"
1.9149767715176358,0.9461470507783063,"class2"
1.91513818881188,0.4226500825657238,"class2"
1.9169160661515758,-0.06368709492805769,"class2"
1.9179543847682623,0.5563877414080736,"class2"
1.9212198549646469,0.22809665834328396,"class2"
1.9239860814776555,2.0499261190602374,"class2"
1.9266597071397729,1.90207421672137,"class2"
1.9275938523885916,-0.6910217690703782,"class2"
1.9290351998388835,1.9612948490707516,"class2"
1.9309004063756332,0.3308771622257505,"class2"
1.9328973901210142,1.239808853694205,"class2"
1.934214263390683,1.3352352291525245,"class2"
1.9360747677644583,1.1818755459729071,"class2"
1.9403078400172191,0.20011260055721725,"class2"
1.940659866149663,-0.8556526797874524,"class2"
1.9430382513358817,2.103433968049822,"class2"
1.9452889411926644,0.8600655817541253,"class2"
1.9481336470846997,0.4707490155342755,"class2"
1.9574139521987823,0.5819647211095631,"class2"
1.9612916553815567,0.47738353986433124,"class2"
1.9615691961980481,-0.07199931897811296,"class2"
1.9641232753269247,0.8330200803898296,"class2"
1.9678756881334578,0.45362871573843555,"class2"
1.9743576836322903,0.2995950445067903,"class2"
1.9757907089712718,1.120956753210772,"class2"
1.9807506139069078,0.6769821407962553,"class2"
1.9813765247089137,0.5633521796959398,"class2"
1.9837785493430933,0.17617393772641232,"class2"
1.9876231714995098,0.584569461697837,"class2"
1.9918437565371903,1.076175714991014,"class2"
1.996226382111573,1.3554356940198387,"class2"
2.000199845924727,1.6628073598031052,"class2"
2.0090827638569304,1.0601689659895788,"class2"
2.013295874488197,0.6861260674962562,"class2"
2.0183122796757234,0.7255160830721112,"class2"
2.0192829013858526,1.5703573428285909,"class2"
2.0245535367961613,2.06706286177159,"class2"
2.028942034705996,0.5553418130893361,"class2"
2.0295297480188506,1.9480387305500093,"class2"
2.0315074150815677,1.2418039798216163,"class2"
2.032235814312255,0.9828135316239026,"class2"
2.032418142675075,0.5503167693683523,"class2"
2.0393776012781526,2.0733150714997546,"class2"
2.040847550314,1.489593557952516,"class1"
2.048973379995977,-0.061551640406663166,"class2"
2.060207985702252,1.4999849103923522,"class2"
2.067844555933669,0.8326260872980814,"class2"
2.0711025955993887,0.7260773872433226,"class2"
2.072169831090065,0.39399080933778496,"class2"
2.0738179132353074,2.735191468573799,"class2"
2.0810546253776927,-0.2996802003281289,"class2"
2.0866866692335972,-1.0546348675131472,"class2"
2.0892536099814483,2.3188221288839284,"class2"
2.0927075780521918,0.8156360613009455,"class2"
2.1001738826970766,1.2095511318550396,"class2"
2.1058007584163656,0.44260860824429415,"class2"
2.1067312076295357,0.8865211678337441,"class2"
2.1094684254265044,0.7213356369976189,"class2"
2.1115221762502987,1.2885939592992615,"class2"
2.1125201714466906,1.2037055169155617,"class2"
2.113629266265117,0.09170844223706154,"class2"
2.1184129941173584,1.402010971332798,"class2"
2.127716833963836,1.111448485321564,"class2"
2.1313392336207166,1.718965984632605,"class2"
2.133420836126984,0.33385491715134463,"class2"
2.1338531236294855,2.2255371223243197,"class2"
2.135236839682205,0.18597935827512824,"class2"
2.1431228312546673,1.1400436321229621,"class2"
2.1697266510989097,0.6754268301594297,"class2"
2.175447911993211,-0.8898550711052235,"class2"
2.182292930137227,0.8188250795512559,"class2"
2.184033687917326,1.3407358192073235,"class2"
2.1856246719682995,1.3856090837879016,"class1"
2.186179360223109,1.5530503751981528,"class2"
2.1903877885715435,1.0502515803030976,"class2"
2.1910630830029363,1.8771898626866057,"class2"
2.1982429137805415,1.840585726367514,"class2"
2.206593901580387,1.388393536250171,"class2"
2.210241887000284,1.2153309133830659,"class2"
2.2138428773851277,2.6629222746857857,"class2"
2.215940914269985,1.499959221292224,"class2"
2.2196148119702386,1.521876532666313,"class2"
2.2221960796902067,0.9300300790877604,"class2"
2.2248186496646083,1.3434880172942003,"class2"
2.2262065340025927,-0.3757151088680173,"class2"
2.226846903899985,1.6331348904044503,"class2"
2.226904006290334,2.709133344156789,"class2"
2.2282927365473704,2.2826163039152325,"class2"
2.229521821597282,1.9329282880648981,"class2"
2.2337377230658673,0.9806418708217364,"class2"
2.234776790372206,0.25870922833923005,"class2"
2.2411365130574854,1.4391259407056434,"class2"
2.241619066056278,0.08981755999882102,"class2"
2.2421292255948564,1.2470273664881069,"class2"
2.248128084733975,-0.05557638764294581,"class2"
2.254644875301249,0.8002107472745663,"class2"
2.2550467702618313,2.5898707078297267,"class2"
2.2593376938029888,1.629151738417156,"class2"
2.2616548169680373,0.6700362336641568,"class2"
2.2637547855959497,0.4660960445196235,"class2"
2.2642829717908066,1.3164212623026326,"class2"
2.2653022351529692,1.5460210614235756,"class2"
2.2689809330186934,0.21868367166622005,"class2"
2.272823595020849,0.8843156090368436,"class2"
2.277198480909482,1.1928364451311213,"class2"
2.2802090749636683,0.678083606081929,"class2"
2.2806387819583076,1.248565215056318,"class2"
2.283616724436126,0.7399391197821301,"class2"
2.286778491157076,1.5686268792244031,"class2"
2.295965313810451,3.1455553069401305,"class2"
2.2992569497888358,1.9587811350055446,"class2"
2.301164973916698,1.7472379919309533,"class2"
2.30563623779721,2.0624277022777244,"class2"
2.306632762325094,0.37712921154114687,"class2"
2.3071046601937377,1.0910819000161656,"class2"
2.3139057777244108,1.0525786936983876,"class2"
2.3245387438429876,1.7112321411450269,"class2"
2.324995156851278,1.7735223477834872,"class2"
2.328698147360013,0.41983984101952154,"class2"
2.3416415767771683,2.6916856501954483,"class2"
2.341646088702596,1.9438263666754743,"class2"
2.3452210532753255,0.19246732365041297,"class2"
2.3520962828268273,1.8512048614853505,"class2"
2.359384478441123,0.14378852514861762,"class2"
2.3606332351296935,1.0777172737171514,"class2"
2.372938350752519,1.220533746448266,"class2"
2.374675884459543,2.596745165209639,"class2"
2.375895811987884,1.2843857935221008,"class1"
2.377712414168597,1.2556710518526328,"class2"
2.3785655447238687,1.7916339080438823,"class2"
2.382229257560002,1.9358109623050415,"class2"
2.3848497011405536,0.21249809226184435,"class2"
2.385477694388504,0.31402824505999427,"class2"
2.3871211528997063,0.04387013164943154,"class2"
2.391248032584314,1.7056410162492306,"class2"
2.3976342126020915,1.297620517594172,"class2"
2.398598067300459,0.5029558668871835,"class2"
2.39873415382901,0.9181796230824857,"class2"
2.4015849283096484,1.6482737867534816,"class2"
2.4053238894179416,0.6169169982082533,"class2"
2.408217207659053,-0.4755252677443147,"class2"
2.4161247111828823,1.6767454253050658,"class2"
2.416335786160783,0.3665114292684698,"class2"
2.4186559845878355,1.647783267765432,"class2"
2.424330466457938,0.7585237034132706,"class2"
2.4266341247617316,0.578434185812833,"class2"
2.4301722879569843,1.2479322950303926,"class2"
2.4324213392060474,1.6638184192239156,"class2"
2.4336114425706294,0.21214113799366496,"class2"
2.438805727322511,1.1444410176230937,"class2"
2.440937422534713,1.758757691072992,"class2"
2.456122537659584,1.0903788962510539,"class2"
2.456551221291105,2.029018693276181,"class2"
2.458554011036342,0.8292050460908242,"class2"
2.4593548970591543,0.8973171863780987,"class2"
2.459399879275648,0.5553155568359073,"class2"
2.466909507016118,0.5933930013432716,"class2"
2.4702234253274487,1.904933762664498,"class2"
2.4703676053371355,1.3029784776884354,"class2"
2.482664091701554,1.57352847659878,"class2"
2.4830429159930603,2.28328470666054,"class2"
2.484760570714709,1.1653551665842816,"class2"
2.4854481239540376,1.2655831162924889,"class2"
2.486239399168437,0.8391501040129544,"class2"
2.486509801460711,1.2580581528931698,"class2"
2.5072064625767894,1.3101456732704237,"class2"
2.5091855739880895,2.782859056016674,"class2"
2.515803096434581,0.968482672378385,"class2"
2.516354067651578,0.07375976974748377,"class2"
2.517997430543874,0.3437948673498785,"class2"
2.5235860720880385,0.5018791849744326,"class2"
2.526942124795101,0.559616116791855,"class2"
2.527797324314978,2.0023663928003836,"class2"
2.531571597161946,2.423158971392076,"class2"
2.532329454456724,1.1792759366641123,"class2"
2.534852269223017,0.6779378732209108,"class2"
2.5366839147141427,0.714966869809234,"class2"
2.538764320902076,0.7017406289736319,"class2"
2.5428036145486366,0.8413939600423425,"class2"
2.5448828514060335,0.9152790794689336,"class2"
2.5466091562354274,2.26056322886397,"class2"
2.5479548326795083,1.5385604207539032,"class1"
2.5492393538310854,1.1345406101861968,"class2"
2.54968941129699,0.7240883684871054,"class2"
2.555594265056878,2.201839002478008,"class2"
2.5638746535805166,0.2902765322530788,"class2"
2.5640455364323973,1.0029780591158204,"class2"
2.5731581514368953,0.14515391098729968,"class2"
2.5745647323272927,1.645562285501546,"class2"
2.574953886929145,2.6812449597190486,"class2"
2.575579351988471,0.9644026429667204,"class2"
2.5786093939285886,2.7840098760421377,"class2"
2.584209940145053,1.5652832018339482,"class2"
2.585719285305845,2.1626315521276043,"class2"
2.5857916080551457,2.314911185626034,"class2"
2.5913042883115747,1.2060076764122056,"class2"
2.592501531259436,-0.6179487423361938,"class2"
2.5967984744641206,1.2949596468425097,"class2"
2.597661484265951,0.7514681842892841,"class2"
2.5986933571976674,1.2878672000349929,"class2"
2.608946991409483,1.6654254365676082,"class2"
2.6133583444034167,1.1219400102511086,"class2"
2.622461152061218,1.2098702562976662,"class2"
2.6240446033746676,1.4544629040698063,"class2"
2.631221509667102,0.4251547536149488,"class2"
2.631975680924697,1.1089214791004551,"class2"
2.6387792728403907,1.0855987217068368,"class2"
2.6422072957443445,-0.6976644092856557,"class2"
2.644560101524924,1.4374445607634863,"class2"
2.6489367643012773,0.3681231633755637,"class2"
2.6491790048159656,1.02868081536843,"class2"
2.649649579759914,1.3308085738070463,"class2"
2.65382324967588,0.43264903288554746,"class2"
2.6561889680013597,1.8745998477629846,"class2"
2.6598234103793432,1.4011491241251035,"class2"
2.66418474092635,1.5178189859218278,"class2"
2.6676303201381053,0.10518543580459139,"class2"
2.669868345585514,1.5727498308281822,"class2"
2.6701469979823367,0.3158759871449669,"class2"
2.6709564199053135,2.0058355269911923,"class2"
2.6776577856680803,1.5035395849649162,"class2"
2.6851784489461457,1.308567847083025,"class2"
2.696376344222542,1.5263525703055745,"class2"
2.699985027675692,0.6553520762822642,"class2"
2.700073375363598,1.8853824632795273,"class2"
2.703085800208561,2.2829674900812433,"class2"
2.70903508546887,1.3825087048925315,"class2"
2.7176487909649003,0.5457725331044829,"class2"
2.7190169478737714,0.9047209178759507,"class2"
2.7241868985592728,2.8472887654870975,"class2"
2.742971913681873,1.0765699747704691,"class2"
2.7449333940035663,2.0883758644506347,"class2"
2.7451724540829416,2.309384370616383,"class2"
2.745589695151579,1.2679711356218946,"class2"
2.74889231504487,1.4388308783120949,"class2"
2.7544609416417556,-0.3466680624614804,"class2"
2.7562152461210134,1.2133305633027598,"class2"
2.758806012081214,0.7577504611560651,"class2"
2.75895988389657,1.960065861928121,"class2"
2.7602302738638045,1.6707315094449946,"class2"
2.772668842584371,1.5593651536517505,"class2"
2.7737942859000086,2.1828439062569522,"class2"
2.7757444351859553,2.1467845738773956,"class2"
2.7768821167025055,1.5595875449834156,"class2"
2.7810760226186235,1.5026723538025921,"class2"
2.781213265916694,1.5470841461640563,"class2"
2.7828396601556724,1.5653666622224578,"class2"
2.7882991680452385,1.2989137145074228,"class2"
2.7886898540060754,1.9480736617981522,"class2"
2.7934390103714444,0.2254300206976907,"class2"
2.797089316809376,1.9546804266180322,"class2"
2.7991192271235756,1.807231185374858,"class2"
2.802802822917985,2.275903210497005,"class2"
2.8034691936921754,0.7736593797830356,"class2"
2.803473421188655,-0.04007123549156666,"class2"
2.8063855424195614,1.4054711172900711,"class2"
2.8066573074104197,2.670252834931477,"class2"
2.808405171770592,1.3006555381548637,"class2"
2.8172221769369497,0.9460658139012366,"class2"
2.820358858103744,2.259980874997936,"class2"
2.8217135430643996,2.2831676013516424,"class2"
2.8308640596998864,0.7040992052537329,"class2"
2.8315434142314735,-0.1769781759713802,"class2"
2.8337999272793013,1.6525111533109018,"class2"
2.834918957231225,1.8038398032774503,"class2"
2.8368640191339765,2.4443734510221247,"class2"
2.845158338863344,1.5254970135689758,"class2"
2.847245445143939,1.0168913094501406,"class2"
2.861994552072013,1.0227119494499786,"class2"
2.8630085689983904,2.245887757506588,"class2"
2.8670812203325706,1.6163016636880227,"class2"
2.8806257868639746,1.4253585881376847,"class2"
2.8868021854912786,0.86599379686532,"class2"
2.8876381478390662,1.540451737646228,"class2"
2.891116324288725,1.2054572505479415,"class2"
2.8912142365349744,0.6772901138184996,"class2"
2.903139308297466,1.8556844205030174,"class2"
2.9153193607165098,1.445883473627235,"class2"
2.91700009056358,1.4588029413010766,"class2"
2.9173962040838353,2.259357894762795,"class2"
2.918643258915628,2.5242037560254778,"class2"
2.9226287695787896,0.4216719154266303,"class2"
2.9399253615638274,1.7746883766396375,"class2"
2.9483286565004057,1.9254402388268144,"class2"
2.9490900794384105,0.6675865489620088,"class2"
2.9493588640414075,1.2784727456379725,"class2"
2.9508545011208525,0.888158288362471,"class2"
2.9555417908968655,2.1974834132810157,"class2"
2.9583572412031733,1.63141727954271,"class2"
2.961761093924305,0.5812172017254167,"class2"
2.968155453394576,1.5902268902025347,"class2"
2.9693654790977417,2.2190803921573377,"class2"
2.969475712578391,0.8091306851727089,"class2"
2.970172670099065,1.4002269464771864,"class2"
2.9715892797459995,0.8575725746195395,"class2"
2.973647599661158,-0.09228546280895422,"class1"
2.9990968833156106,0.6058283027061204,"class2"
2.99965899258215,1.2166477546473795,"class2"
3.0014185255632535,0.8063159168658698,"class2"
3.00230377625149,1.8761423671044088,"class2"
3.0033387065111175,1.3333798249625353,"class2"
3.013734585423012,0.3671173355449312,"class2"
3.0199355850023615,0.5346537891281982,"class2"
3.0384805574315883,1.5081361562601008,"class2"
3.04833228432749,2.1042119598104687,"class2"
3.052357359808318,2.24906600858523,"class2"
3.0567437833216755,1.9069350258703741,"class2"
3.0645548080421676,1.6422120391132151,"class2"
3.0774941658044503,1.3569197883925441,"class2"
3.080105946614004,1.3274812324080616,"class2"
3.0926147173070757,0.28143266052182125,"class2"
3.0984974559191127,1.9977609560638834,"class2"
3.098830165495981,1.2937020717131336,"class2"
3.100546468913934,1.2082000611994235,"class2"
3.1021193314721405,1.9994799797196516,"class2"
3.1068140669218796,1.8999626251006712,"class2"
3.1102864910184422,0.7720678493214648,"class2"
3.11231789334172,2.198426618461298,"class2"
3.133579179471073,0.8938462050826522,"class2"
3.136114264949426,1.2098202139074894,"class2"
3.1383707881749467,1.7375933355173794,"class2"
3.1423969360955755,2.005832448178989,"class2"
3.144500391096929,1.400113072408248,"class2"
3.1551016574914676,1.8133927186861571,"class2"
3.1580267854388344,1.843941197151357,"class2"
3.161049217373993,0.47982795296871206,"class2"
3.161105690072478,0.8980567494344007,"class2"
3.1641963773605792,1.20897041111777,"class2"
3.164822746570743,1.523504712599482,"class2"
3.169639042353965,2.5949035824399953,"class2"
3.1718971018635886,1.412205238023469,"class2"
3.1750686677945534,1.3219372383191572,"class2"
3.197393704752515,1.9696304664781443,"class2"
3.199945510311855,1.8946675226452454,"class2"
3.201275083759406,1.9889274543194662,"class2"
3.206690201937424,2.462692811444977,"class2"
3.2232523951023118,0.629614856425103,"class2"
3.2251465760237483,1.698907837571522,"class2"
3.2254349542770733,2.1650183803480028,"class2"
3.2262168612185746,1.1870171841495942,"class2"
3.227264404697956,1.2723455680701135,"class2"
3.241913926806948,1.5586056514649194,"class2"
3.2431456203790416,2.430688090686841,"class2"
3.2447893776112506,1.3164420659371525,"class2"
3.244871458497286,1.2181582303423475,"class2"
3.2459235836285334,1.6968524591933067,"class2"
3.2469367309153867,2.131456968063482,"class2"
3.2484914725990865,1.9928719908221533,"class2"
3.257512745828359,1.7415556402729766,"class2"
3.2602582301819027,0.8372031455022669,"class2"
3.261875679111776,2.2640550592643414,"class2"
3.263605340667537,2.2399531074481525,"class2"
3.265780097799289,2.531861204095136,"class2"
3.268520792499426,1.63853432756251,"class2"
3.280453796440698,2.4975697153350773,"class2"
3.2822903620287343,0.4073412027896314,"class2"
3.2853657254839854,1.5774838956210886,"class2"
3.2926449682249803,2.045312448674249,"class2"
3.294657399712574,1.8531673171264123,"class2"
3.296944931156025,1.5059480813990556,"class2"
3.2999147841779246,3.0111130804294413,"class2"
3.30674943652088,0.9544331295776239,"class2"
3.3181677132033016,1.498073495428158,"class2"
3.3240328052427652,1.7961547889039857,"class2"
3.3241860008498954,1.2310108301121894,"class2"
3.324542122912882,1.1545054464307856,"class2"
3.3301527015475783,0.9083453079644236,"class2"
3.332834817970151,2.4275989184233326,"class2"
3.3416853625573553,2.1659446205137822,"class2"
3.34310085947684,0.540770658516314,"class2"
3.3520366127408003,1.853483504412337,"class2"
3.3537141931180225,2.2655744933991544,"class2"
3.3627981288267454,1.7311980622438532,"class2"
3.3634080644662996,2.2421681995658806,"class2"
3.3661501610320688,0.9009283951698768,"class2"
3.36924065755162,1.9800564101430782,"class2"
3.413011538053318,1.969117892854368,"class2"
3.4193492208383356,1.0280585970934155,"class2"
3.425001965652734,0.8881247086706235,"class2"
3.4272338854088833,2.3149072914178688,"class2"
3.435042920630155,2.293114250340416,"class2"
3.436894583780229,1.7680290776950465,"class2"
3.4403802885153234,0.7498599788104577,"class2"
3.4427155819638458,1.4001051100701982,"class2"
3.463656258918486,1.7168145448520193,"class2"
3.468773456894416,2.453179783400854,"class2"
3.4778922722403616,2.0370544756428295,"class2"
3.4810947672318635,2.3448375823510164,"class2"
3.482342154700211,1.6073810406517064,"class2"
3.5060762495999747,1.8134328000146493,"class2"
3.5116517825992757,1.6127640244385089,"class2"
3.5148026138893376,1.8739888466622165,"class2"
3.530025272778552,0.8158724525399965,"class2"
3.5316826657151195,1.3754886586888413,"class2"
3.5324349810914635,2.7017619781731717,"class2"
3.5393696751601955,1.8725542363438192,"class2"
3.5411599172389994,1.2289031494627713,"class2"
3.5416505701197245,2.5501185072615282,"class2"
3.5474974051618764,3.4195416209702563,"class2"
3.556198224697286,2.6732110072835367,"class2"
3.5596672239984475,0.6970446914299934,"class2"
3.5802874335012067,1.7204297146210166,"class2"
3.588524227243253,2.2779387556750024,"class2"
3.59389080859349,1.3953871373267894,"class2"
3.608424764325199,1.2073188614453287,"class2"
3.618418451808164,1.897912511294372,"class2"
3.6217375665333478,0.7175914597438997,"class2"
3.63139927221086,2.0608281923854754,"class2"
3.6459539866554875,1.5400710158773734,"class2"
3.6554368460700086,1.4849567950409843,"class2"
3.6572530731741346,1.8132300170538114,"class2"
3.6578870966249655,1.346478816347308,"class2"
3.6684748928643236,0.15594714712581104,"class2"
3.6705283844972953,1.786513027142545,"class2"
3.673403016684924,2.138960655297049,"class2"
3.690689622437443,2.218284699317909,"class2"
3.6924487192390645,1.8369228607995414,"class2"
3.6954833523044393,1.178589839834404,"class2"
3.6968223749355573,1.4665425532795593,"class2"
3.6968994143705705,2.0620811471949922,"class2"
3.702300664647721,2.035080774913982,"class2"
3.7051088677879376,1.858156333004365,"class2"
3.707101315547934,-0.25972752569436985,"class2"
3.718729431196701,1.7565654479974506,"class2"
3.7231643996701433,2.3790192053784085,"class2"
3.734646111967245,2.423129404349644,"class2"
3.7470562039234325,1.9597399087888312,"class2"
3.7481410541043,2.0533818625703315,"class2"
3.7641712341035465,2.971331102798156,"class2"
3.767551070730736,1.8315062458806877,"class2"
3.769589852159478,1.632839356753685,"class2"
3.7863191631904183,1.932438460036464,"class2"
3.7873715027642993,1.835241489297353,"class2"
3.7880508714373535,0.9147148844185856,"class2"
3.7885054678734615,1.1745328834507411,"class2"
3.8024725711706884,1.6778374590846834,"class2"
3.8031868847195778,2.68625030139581,"class2"
3.8356732359476027,2.67912792325896,"class2"
3.837564905724645,1.8642456304314563,"class2"
3.837605565703547,2.512081956975197,"class2"
3.8422983709053122,0.6498078643306635,"class1"
3.843583927543898,1.9667369031777304,"class2"
3.8554280114640394,3.090896436282866,"class2"
3.862917653063873,1.8987570222189993,"class2"
3.881018666203311,2.1353782989382033,"class2"
3.8818711966967294,2.3885978166942534,"class2"
3.888501676458095,1.6676498162452158,"class2"
3.8903008369829504,1.317621319840111,"class2"
3.8918476735399694,3.169421732990453,"class2"
3.894665253290748,2.212179685685811,"class2"
3.900253515580946,1.018523542289351,"class2"
3.923751301520676,1.4077831393724896,"class2"
3.936509298148472,2.75117579064959,"class2"
3.95238878858669,1.9171471597939724,"class2"
3.9630478867213883,1.887468866041223,"class2"
3.983642361955005,1.7233618744689747,"class2"
3.994553288344255,2.2709882691823466,"class2"
4.00496748316277,2.827229861215459,"class2"
4.015270547485895,2.0501098156322897,"class2"
4.017966404592697,2.545104905234675,"class2"
4.035722751376788,2.222389598177659,"class2"
4.053474096340901,1.4469003255471657,"class2"
4.0975978148124135,1.761717147994725,"class2"
4.1021449768276845,2.14668876910725,"class2"
4.13064507829931,1.646804602475361,"class2"
4.149396609112547,1.4008567070920197,"class2"
4.1652723149207915,2.2667375828996557,"class2"
4.191919776928836,2.722023051593088,"class2"
4.211947306773936,2.2908752704650004,"class2"
4.245822299383822,1.880906352259861,"class2"
4.317748609755837,0.23754277202287177,"class2"
4.341463530388901,2.300930842639656,"class2"
4.3701761815129565,0.7069496908918885,"class2"
4.373578385393515,2.1384697181242505,"class2"
4.397665791941256,3.3006518690866677,"class2"
4.407910735632505,3.564844166207707,"class2"
4.419080677250841,1.6032066908006066,"class2"
4.455495112273577,2.0168533413763443,"class2"
4.457165572304065,3.119699358199887,"class2"
4.469174470467063,1.5733069221758664,"class2"
4.473076789866605,1.9191851090420777,"class2"
4.480897396892626,1.077201658162025,"class2"
4.4978198878900475,2.7758305020203506,"class2"
4.509885996542315,2.2245359601126173,"class2"
4.5105694709853195,1.4840100736057198,"class2"
4.51282698420973,2.1893529619594423,"class2"
4.540479956902992,1.5333996849837446,"class2"
4.545986135713331,2.8409607028431902,"class2"
4.559526232858252,0.721177039584117,"class2"
4.564434426853921,3.1840824649124473,"class2"
4.579244790818363,1.564337646353724,"class2"
4.583233531656152,2.8055094937778557,"class2"
4.5862974846733895,3.0058748668145845,"class2"
4.598036221127124,1.790617385110949,"class2"
4.6199253721090665,2.086693601051585,"class2"
4.634008059473938,2.9319917886482307,"class2"
4.6440149836721645,3.54153872627934,"class2"
4.65784473061686,2.623318847877278,"class2"
4.695400485233824,2.3915383140388027,"class2"
4.706964051488352,2.497849173242672,"class2"
4.741731026981199,1.6652899388965023,"class2"
4.7454076959980185,2.881119511990762,"class2"
4.745832965312108,1.0409861714914128,"class2"
4.756731111258861,2.1181433560149445,"class2"
4.76841215331601,2.3568465839290016,"class2"
4.81492697312873,2.624865436478361,"class2"
4.8502409051367525,2.6131379009489963,"class2"
4.908785986988516,2.834787644256558,"class2"
5.029361189686368,2.641417739342531,"class2"
5.037938552256747,2.686684851824615,"class2"
5.042203650860506,4.36214854480513,"class2"
5.133604132138234,2.8760131307974266,"class2"
5.218605938944862,2.7193783754079512,"class2"
5.264599863888018,3.1347221288489373,"class2"
5.317888855514598,2.116284521490094,"class2"
5.32699443650252,3.9894647701468076,"class2"
5.328314337650826,2.6350618687432945,"class2"
5.380397031076696,3.158348180703999,"class2"
5.4220478396411025,3.0431555837487267,"class2"
5.464229791255546,3.475221432013331,"class2"
5.580775483558862,2.7053740637547152,"class2"
5.687205085802553,3.527834757960733,"class2"
5.695597335554422,3.1722806411660174,"class2"
5.72521253584159,2.940564963998203,"class2"
5.738331798492796,2.5755197823503857,"class2"
5.8709062884462355,4.093703780342858,"class2"
5.908054030908256,2.8724371474107295,"class2"
6.1283951117706925,3.1058163328795634,"class2"
6.5521470062568845,3.6713818374697182,"class2"
